ME2;Share_Free_Shipping_SI;Share_Drop_Shipping_SI;Share_XDM_SI;Share_Fulfillment_SI;Share_Flex_SI;Share_Logistic_SI;Share_Logistic_SI_melinet;Shipments_Delivered_Same_Day;Shipments_Delivered_Next_Day;Shipments_Delivered 2_Days;Shipments_Delivered_menor2days;Unique_Receivers;Unique_Shippers;D1;D2;D3;D4;D5;D6;D7;M1;M2;M3;M4;M5;M6;M7;M8;M9;M10;M11;M12;Casos_confirmados_mms;Positividad_mms;Casos_activos;Casos_recuperados;fin_mes;feriado
60429;0,504;0,9277;0;0,0046;0,0677;0;0;0,0339;0,1737;0,3261;0,5336;34513;5655;0;0;0;0;1;0;0;0;0;0;0;0;1;0;0;0;0;0;0;4698,1;0,2654;49806;141464;1;0
54005;0,4881;0,9419;0;0,0028;0,0553;0;0;0,1488;0,3352;0,2359;0,7199;31339;5425;0;0;0;0;0;1;0;0;0;0;0;0;1;0;0;0;0;0;0;4923,1;0,2691;49245;146392;0;0
57155;0,4728;0,9327;0;0,0016;0,0658;0;0;0,4642;0,1771;0,1499;0,7911;33595;5576;0;0;0;0;0;0;1;0;0;0;0;0;1;0;0;0;0;0;0;4812,4;0,2761;48167;151352;0;1
73074;0,514;0,9326;0;0,0021;0,0653;0;0;0,1316;0,1995;0,3157;0,6469;41443;6206;1;0;0;0;0;0;0;0;0;0;0;0;1;0;0;0;0;0;0;4867,6;0,2633;48321;156506;0;0
67384;0,5019;0,926;0;0,0023;0,0717;0;0;0,0223;0,558;0,1892;0,7695;38816;5992;0;1;0;0;0;0;0;0;0;0;0;0;1;0;0;0;0;0;0;4981,1;0,2572;47671;161272;0;0
67911;0,5029;0,921;0;0,0042;0,0748;0;0;0,0238;0,1205;0,6021;0,7464;38534;5986;0;0;1;0;0;0;0;0;0;0;0;0;1;0;0;0;0;0;0;5114,3;0,2684;47774;165559;0;0
62646;0,5038;0,9164;0;0,0048;0,0787;0;0;0,026;0,1353;0,2522;0,4135;35612;5727;0;0;0;1;0;0;0;0;0;0;0;0;1;0;0;0;0;0;0;5478,1;0,2717;44783;172486;0;0
57020;0,505;0,9347;0;0,0034;0,0619;0;0;0,0278;0,1487;0,2895;0,466;32335;5602;0;0;0;0;1;0;0;0;0;0;0;0;1;0;0;0;0;0;0;5658,6;0,2956;44624;177182;0;0
51728;0,4909;0,9409;0;0,0054;0,0537;0;0;0,118;0,2705;0,2385;0,627;30206;5392;0;0;0;0;0;1;0;0;0;0;0;0;1;0;0;0;0;0;0;5734,7;0,3021;44216;181718;0;0
57538;0,4705;0,932;0;0,0025;0,0655;0;0;0,2496;0,2287;0,1856;0,6639;32997;5572;0;0;0;0;0;0;1;0;0;0;0;0;1;0;0;0;0;0;0;5798,6;0,3082;43344;186204;0;0
74238;0,5069;0,9281;0;0,002;0,0699;0;0;0,1291;0,1618;0,2589;0,5497;42408;6190;1;0;0;0;0;0;0;0;0;0;0;0;1;0;0;0;0;0;0;5955,7;0,3138;43092;191270;0;0
68832;0,5049;0,9237;0;0,0047;0,0716;0;0;0,0233;0,5313;0,1691;0,7237;39696;6125;0;1;0;0;0;0;0;0;0;0;0;0;1;0;0;0;0;0;0;5815,7;0,3315;42821;195637;0;0
63656;0,4959;0,9168;0;0,0052;0,078;0;0;0,0246;0,1219;0,5685;0,715;36958;5914;0;0;1;0;0;0;0;0;0;0;0;0;1;0;0;0;0;0;0;5655,6;0,3287;42709;199519;0;0
59299;0,5002;0,9055;0;0,0039;0,0906;0;0;0,0263;0,1262;0,2562;0,4087;33811;5742;0;0;0;1;0;0;0;0;0;0;0;0;1;0;0;0;0;0;0;5589,3;0,3263;41250;204827;0;0
53786;0,4934;0,9194;0;0,0057;0,0749;0;0;0,029;0,1295;0,2681;0,4266;30598;5518;0;0;0;0;1;0;0;0;0;0;0;0;1;0;0;0;0;0;0;5424,4;0,3189;41134;208943;0;0
48195;0,4677;0,9342;0;0,0081;0,0577;0;0;0,1252;0,2723;0,2135;0,611;28305;5372;0;0;0;0;0;1;0;0;0;0;0;0;1;0;0;0;0;0;0;5234,3;0,311;40455;213333;0;0
49280;0,4643;0,9234;0;0,007;0,0697;0;0;0,4458;0,1406;0,1354;0,7219;29330;5364;0;0;0;0;0;0;1;0;0;0;0;0;1;0;0;0;0;0;0;5157,9;0,3017;39518;217269;0;0
71097;0,4933;0,9131;0;0,0083;0,0786;0;0;0,1298;0,1623;0,2651;0,5572;39362;6122;1;0;0;0;0;0;0;0;0;0;0;0;1;0;0;0;0;0;0;4985,1;0,2979;38767;221806;0;0
66268;0,4957;0,9193;0;0,0066;0,0741;0;0;0,023;0,5189;0,1728;0,7148;37124;6073;0;1;0;0;0;0;0;0;0;0;0;0;1;0;0;0;0;0;0;4826,9;0,2915;38037;225934;0;0
65921;0,4882;0,911;0;0,0086;0,0804;0;0;0,0245;0,1195;0,571;0,7151;37175;6109;0;0;1;0;0;0;0;0;0;0;0;0;1;0;0;0;0;0;0;4851,6;0,2792;37609;229548;0;0
65260;0,4935;0,8965;0;0,0102;0,0933;0;0;0,0285;0,1414;0,2764;0,4463;37005;5988;0;0;0;1;0;0;0;0;0;0;0;0;1;0;0;0;0;0;0;4566,7;0,2797;35880;234362;0;0
55800;0,4888;0,914;0;0,0075;0,0785;0;0;0,0326;0,1671;0,3132;0,5129;31746;5771;0;0;0;0;1;0;0;0;0;0;0;0;1;0;0;0;0;0;0;4431,1;0,2691;34950;238458;0;0
56904;0,472;0,9301;0;0,0101;0,0598;0;0;0,1315;0,3263;0,204;0,6619;31956;5813;0;0;0;0;0;1;0;0;0;0;0;0;1;0;0;0;0;0;0;4232,4;0,2661;33872;242228;0;0
60382;0,4599;0,9325;0;0,0091;0,0583;0;0;0,5117;0,1608;0,1243;0,7968;34436;5902;0;0;0;0;0;0;1;0;0;0;0;0;1;0;0;0;0;0;0;4148;0,2591;32527;246077;0;0
65818;0,4704;0,919;0;0,0087;0,0723;0;0;0,3034;0,1997;0,1056;0,6086;37981;6251;1;0;0;0;0;0;0;0;0;0;0;0;1;0;0;0;0;0;0;4089,4;0,2579;31166;250077;0;1
74249;0,4981;0,9119;0;0,0091;0,079;0;0;0,2098;0,1721;0,2532;0,6351;41531;6493;0;1;0;0;0;0;0;0;0;0;0;0;1;0;0;0;0;0;0;3946,7;0,2515;30392;253788;1;0
76506;0,4906;0,9067;0;0,0091;0,0842;0;0;0,0226;0,6833;0,1358;0,8417;43325;6665;0;0;1;0;0;0;0;0;0;0;0;0;0;1;0;0;0;0;0;3639,6;0,2465;30661;256787;1;0
74649;0,4804;0,9002;0;0,0107;0,0891;0;0;0,0248;0,1108;0,6955;0,8311;42792;6664;0;0;0;1;0;0;0;0;0;0;0;0;0;1;0;0;0;0;0;3532,7;0,2414;29291;260573;1;0
67139;0,4989;0,9117;0;0,0137;0,0746;0;0;0,0293;0,1395;0,2786;0,4474;37912;6388;0;0;0;0;1;0;0;0;0;0;0;0;0;1;0;0;0;0;0;3440,1;0,2403;28495;263971;1;0
61186;0,467;0,925;0;0,0158;0,0592;0;0;0,1225;0,3195;0,2342;0,6762;35199;6160;0;0;0;0;0;1;0;0;0;0;0;0;0;1;0;0;0;0;0;3364,3;0,2363;27636;267157;1;0
68809;0,4544;0,9158;0;0,0141;0,0701;0;0;0,376;0,2588;0,1586;0,7933;39760;6564;0;0;0;0;0;0;1;0;0;0;0;0;0;1;0;0;0;0;0;3222,6;0,2327;26765;270242;1;0
84058;0,4953;0,909;0;0,0148;0,0762;0;0;0,1392;0,1726;0,2865;0,5982;47544;7019;1;0;0;0;0;0;0;0;0;0;0;0;0;1;0;0;0;0;0;3089,4;0,2249;26399;273408;0;0
78484;0,493183324;0,90135569;0;0,015124102;0,083520208;0;0;0,023931168;0,572147002;0,187340759;0,783418929;44410;6552;0;1;0;0;0;0;0;0;0;0;0;0;0;1;0;0;0;0;0;3005,7;0,2178;26131;276100;0;0
80619;0,497277317;0,900618961;0;0,018506804;0,080874236;0;0;0,024625647;0,126939831;0,624680098;0,776245576;44995;6680;0;0;1;0;0;0;0;0;0;0;0;0;0;1;0;0;0;0;0;3096,4;0,2095;25861;278604;0;0
73047;0,492313168;0,895683601;0;0,014511205;0,089805194;0;0;0,026259904;0,156563512;0,286867119;0,469690534;40912;6479;0;0;0;1;0;0;0;0;0;0;0;0;0;1;0;0;0;0;0;3026,4;0,2031;25458;281243;0;0
66816;0,495150862;0,9088392;0;0,015714799;0,075446001;0;0;0,030846627;0,163086649;0,333669822;0,527603098;37391;6281;0;0;0;0;1;0;0;0;0;0;0;0;0;1;0;0;0;0;0;2883,1;0,1952;25010;284180;0;0
58701;0,468152161;0,916713514;0;0,018619785;0,064666701;0;0;0,148815675;0,341201273;0,255342896;0,745359845;33441;6006;0;0;0;0;0;1;0;0;0;0;0;0;0;1;0;0;0;0;0;2787;0,1857;23732;287448;0;0
64654;0,46707087;0,90110434;0;0,018560337;0,080335323;0;0;0,46331058;0,163822526;0,152730375;0,779863481;36930;6118;0;0;0;0;0;0;1;0;0;0;0;0;0;1;0;0;0;0;0;2728,6;0,1789;23217;289864;0;0
79724;0,487256033;0,89664342;0;0,019291556;0,084065024;0;0;0,16129942;0,193908307;0,298309626;0,653517353;44546;6732;1;0;0;0;0;0;0;0;0;0;0;0;0;1;0;0;0;0;0;2639,1;0,1739;22968;292466;0;0
72359;0,493829379;0,891900109;0;0,020398292;0,087701599;0;0;0,023974266;0,586713057;0,196638876;0,8073262;40736;6417;0;1;0;0;0;0;0;0;0;0;0;0;0;1;0;0;0;0;0;2588,9;0,1662;22851;294793;0;0
66234;0,494942175;0,886312166;0;0,022390313;0,091297521;0;0;0,026517152;0,134278633;0,626240875;0,787036661;37043;6296;0;0;1;0;0;0;0;0;0;0;0;0;0;1;0;0;0;0;0;2494,9;0,1581;22711;297007;0;0
67156;0,467106439;0,88846864;0;0,020266246;0,091265114;0;0;0,222707424;0,19511711;0,396585947;0,81441048;37989;6272;0;0;0;1;0;0;0;0;0;0;0;0;0;1;0;0;0;0;0;2463,7;0,1521;21622;299807;0;1
69607;0,495338113;0,900555979;0;0,020529544;0,078914477;0;0;0,111672223;0,136382951;0,303262078;0,551317252;38206;6525;0;0;0;0;1;0;0;0;0;0;0;0;0;1;0;0;0;0;0;2382,3;0,1491;21416;302231;0;0
59493;0,471416805;0,910090263;0;0,022960685;0,066949053;0;0;0,384394666;0,266034106;0,164563566;0,814992338;33779;6108;0;0;0;0;0;1;0;0;0;0;0;0;0;1;0;0;0;0;0;2249,4;0,1452;21091;304465;0;0
68300;0,464802343;0,890439239;0;0,025241581;0,08431918;0;0;0,677644711;0,148702595;0,065868264;0,892215569;38118;6411;0;0;0;0;0;0;1;0;0;0;0;0;0;1;0;0;0;0;0;2175,6;0,1417;20468;306701;0;0
82980;0,49252832;0,88637021;0;0,02516269;0,088467101;0;0;0,140400237;0,421104169;0,215992939;0,777497345;45885;7078;1;0;0;0;0;0;0;0;0;0;0;0;0;1;0;0;0;0;0;2149,9;0,1386;20347;309190;0;0
79670;0,481937994;0,876088867;0;0,028115978;0,095795155;0;0;0,02381766;0,56528342;0,269347103;0,858448182;43618;6819;0;1;0;0;0;0;0;0;0;0;0;0;0;1;0;0;0;0;0;2154;0,136;20330;311180;0;0
74339;0,488465005;0,869947134;0;0,02428066;0,105772206;0;0;0,027231892;0,125274361;0,613138686;0,765644939;40803;6623;0;0;1;0;0;0;0;0;0;0;0;0;0;1;0;0;0;0;0;2139,1;0,1354;20348;313081;0;0
73907;0,492172595;0,857726602;0;0,029685957;0,112587441;0;0;0,036239176;0,160370167;0,315815953;0,512425296;40494;6714;0;0;0;1;0;0;0;0;0;0;0;0;0;1;0;0;0;0;0;2097;0,1328;20028;315434;0;0
66258;0,487986356;0,866914184;0;0,031875396;0,10121042;0;0;0,041419814;0,194325537;0,322506079;0,55825143;36003;6408;0;0;0;0;1;0;0;0;0;0;0;0;0;1;0;0;0;0;0;2111,6;0,1283;19780;317644;0;0
61473;0,475607177;0,882224717;0;0,03928554;0,078489744;0;0;0,156502925;0,389694687;0,245372225;0,791569837;33649;6220;0;0;0;0;0;1;0;0;0;0;0;0;0;1;0;0;0;0;0;2128,1;0,1278;19451;319718;0;0
68806;0,465032119;0,859532599;0;0,038877424;0,101589978;0;0;0,546677215;0,149525317;0,113924051;0,810126582;37426;6501;0;0;0;0;0;0;1;0;0;0;0;0;0;1;0;0;0;0;0;2133;0,1248;19207;321429;0;0
81790;0,496270938;0,852671476;0;0,044333048;0,102995476;0;0;0,216429188;0,222582038;0,288896085;0,727907312;43792;6971;1;0;0;0;0;0;0;0;0;0;0;0;0;1;0;0;0;0;0;2164,4;0,1206;19202;323647;0;0
83186;0,49472267;0,852391027;0;0,043420768;0,104188205;0;0;0,031797137;0,636993774;0,182813581;0,851604492;45185;7093;0;1;0;0;0;0;0;0;0;0;0;0;0;1;0;0;0;0;0;2169;0,117;19170;325556;0;0
89288;0,498308843;0,849341457;0;0,04650121;0,104157334;0;0;0,035095898;0,159869473;0,634829515;0,829794886;47611;7194;0;0;1;0;0;0;0;0;0;0;0;0;0;1;0;0;0;0;0;2108,6;0,1124;19341;327169;0;0
87832;0,506136716;0,843508061;0;0,044391566;0,112100373;0;0;0,041495526;0,208633318;0,342537209;0,592666052;46088;7198;0;0;0;1;0;0;0;0;0;0;0;0;0;1;0;0;0;0;0;2048,3;0,1081;18850;329537;1;0
83850;0,505915325;0,857352415;0;0,047763864;0,094883721;0;0;0,05016195;0,219301667;0,372348183;0,641811799;44039;7139;0;0;0;0;1;0;0;0;0;0;0;0;0;1;0;0;0;0;0;2004,3;0,1041;18787;331510;1;0
82030;0,489601365;0,876813361;0;0,047763014;0,075423626;0;0;0,174988399;0,3812529;0,267146172;0,823387471;43473;7057;0;0;0;0;0;1;0;0;0;0;0;0;0;0;1;0;0;0;0;1987,6;0,0986;18783;333429;1;0
88675;0,484555963;0,859983084;0;0,044758951;0,095257965;0;0;0,640557006;0,162750218;0,095735422;0,899042646;47093;7318;0;0;0;0;0;0;1;0;0;0;0;0;0;0;1;0;0;0;0;1934,6;0,0947;18303;335462;1;0
105127;0,503543333;0,849477299;0;0,048408116;0,102114585;0;0;0,215110916;0,233369939;0,311033019;0,759513874;55355;7789;1;0;0;0;0;0;0;0;0;0;0;0;0;0;1;0;0;0;0;1875,4;0,0909;18434;337424;1;0
100486;0,498716239;0,842654698;0;0,049439723;0,107905579;0;0;0,036213274;0,636359353;0,187027307;0,859599934;53123;7658;0;1;0;0;0;0;0;0;0;0;0;0;0;0;1;0;0;0;0;1876,6;0,0867;18601;339169;1;0
99179;0,508131762;0,84188185;0;0,045987558;0,112130592;0;0;0,037397915;0,15021535;0,647426393;0,835039657;51700;7559;0;0;1;0;0;0;0;0;0;0;0;0;0;0;1;0;0;0;0;1876,4;0,0838;18957;340636;1;0
98486;0,506853766;0,834189631;0;0,048179437;0,117630932;0;0;0,03782206;0,171437017;0,291935563;0,50119464;51375;7415;0;0;0;1;0;0;0;0;0;0;0;0;0;0;1;0;0;0;0;1880,1;0,0823;18606;342849;0;0
77675;0,522034117;0,8441841;0;0,052075958;0,103739942;0;0;0,043493264;0,191309629;0,311271533;0,546074426;40355;6802;0;0;0;0;1;0;0;0;0;0;0;0;0;0;1;0;0;0;0;1911,9;0,0812;18584;344726;0;0
98926;0,509259447;0,87156056;0;0,055768959;0,072670481;0;0;0,132150175;0,377175008;0,264439273;0,773764457;51155;7463;0;0;0;0;0;1;0;0;0;0;0;0;0;0;1;0;0;0;0;1905,4;0,0813;18295;346510;0;0
110976;0,493394968;0,861717849;0;0,049298948;0,088983204;0;0;0,719905586;0,114083399;0,088906373;0,922895358;57419;7735;0;0;0;0;0;0;1;0;0;0;0;0;0;0;1;0;0;0;0;1937,7;0,0795;17702;348387;0;0
128174;0,518030178;0,851264687;0;0,048730632;0,100004681;0;0;0,236542373;0,192962712;0,299715254;0,729220339;65214;8318;1;0;0;0;0;0;0;0;0;0;0;0;0;0;1;0;0;0;0;1952,6;0,0801;17843;350297;0;0
128626;0,522810318;0,838734004;0;0,053628349;0,107637647;0;0;0,039517943;0,666845206;0,144799143;0,851162292;65186;8224;0;1;0;0;0;0;0;0;0;0;0;0;0;0;1;0;0;0;0;1918,1;0,0791;17734;352212;0;0
126426;0,533118188;0,82838973;0;0,052900511;0,118709759;0;0;0,043793073;0,144304706;0,663907367;0,852005146;64032;8316;0;0;1;0;0;0;0;0;0;0;0;0;0;0;1;0;0;0;0;1904,6;0,0785;17919;353765;0;0
118955;0,539540162;0,826119121;0;0,049514522;0,124366357;0;0;0,049278044;0,165027652;0,280605109;0,494910805;60053;8058;0;0;0;1;0;0;0;0;0;0;0;0;0;0;1;0;0;0;0;1894,3;0,0775;17420;355858;0;0
111965;0,547090609;0,844924753;0;0,051274952;0,103800295;0;0;0,056368952;0,181402175;0,293053838;0,530824965;55388;7943;0;0;0;0;1;0;0;0;0;0;0;0;0;0;1;0;0;0;0;1833,7;0,0761;17274;357770;0;0
110242;0,526995156;0,880381343;0;0,051940277;0,06767838;0;0;0,151703613;0,291846312;0,246289443;0,689839368;55641;7825;0;0;0;0;0;1;0;0;0;0;0;0;0;0;1;0;0;0;0;1840,9;0,0734;16855;359593;0;1
108345;0,519184088;0,859855093;0;0,048022521;0,092122387;0;0;0,498187092;0,097897027;0,109499637;0,705583756;55957;7820;0;0;0;0;0;0;1;0;0;0;0;0;0;0;1;0;0;0;0;1779,1;0,0728;16285;361455;0;0
148447;0,538124718;0,856750221;0;0,044359266;0,098890513;0;0;0,193707751;0,170528103;0,266444648;0,630680502;73894;8822;1;0;0;0;0;0;0;0;0;0;0;0;0;0;1;0;0;0;0;1746,3;0,0707;16413;363310;0;0
132597;0,531814445;0,851655769;0;0,044639019;0,103705212;0;0;0,037799531;0,541694298;0,175526808;0,755020637;66348;8519;0;1;0;0;0;0;0;0;0;0;0;0;0;0;1;0;0;0;0;1702,4;0,0689;16826;364805;0;0
129336;0,541836766;0,835482774;0;0,055583906;0,108933321;0;0;0,03797984;0,129580507;0,579474402;0,747034749;64461;8384;0;0;1;0;0;0;0;0;0;0;0;0;0;0;1;0;0;0;0;1696,9;0,0667;17305;366089;0;0
126916;0,542776325;0,824466576;0;0,063498692;0,112034732;0;0;0,04112161;0,156894757;0,21841391;0,416430277;62257;8221;0;0;0;1;0;0;0;0;0;0;0;0;0;0;1;0;0;0;0;1674,4;0,0653;17155;368140;0;0
111711;0,539284404;0,842996661;0;0,065588886;0,091414453;0;0;0,044223032;0,158547594;0,239582289;0,442352915;55698;7912;0;0;0;0;1;0;0;0;0;0;0;0;0;0;1;0;0;0;0;1695,7;0,0641;17104;369946;0;0
102155;0,520424845;0,858479761;0;0,06588028;0,075639959;0;0;0,109105099;0,260301769;0,226118626;0,595525494;51406;7669;0;0;0;0;0;1;0;0;0;0;0;0;0;0;1;0;0;0;0;1675,1;0,0645;16791;371684;0;0
115558;0,503920109;0,839898579;0;0,062340989;0,097760432;0;0;0,366814159;0,17079646;0,14380531;0,681415929;58256;8059;0;0;0;0;0;0;1;0;0;0;0;0;0;0;1;0;0;0;0;1724,7;0,0635;16553;373278;0;0
134548;0,528354193;0,826783007;0;0,06586497;0,107352023;0;0;0,199211066;0,159640757;0,228605564;0,587457386;66140;8523;1;0;0;0;0;0;0;0;0;0;0;0;0;0;1;0;0;0;0;1734,7;0,0646;16858;375044;0;0
131035;0,532178426;0,825626741;0;0,070523143;0,103850116;0;0;0,036015974;0,503542706;0,161234518;0,700793198;64142;8421;0;1;0;0;0;0;0;0;0;0;0;0;0;0;1;0;0;0;0;1754,4;0,0646;17392;376448;0;0
123286;0,532736888;0,805492919;0;0,083277907;0,111229174;0;0;0,038367282;0,143269603;0,529492306;0,711129191;60162;8287;0;0;1;0;0;0;0;0;0;0;0;0;0;0;1;0;0;0;0;1743,9;0,0651;18014;377740;0;0
124286;0,53151602;0,811957904;0;0,075792929;0,112249167;0;0;0,043874818;0,151489909;0,218066598;0,413431325;60588;8372;0;0;0;1;0;0;0;0;0;0;0;0;0;0;1;0;0;0;0;1736,4;0,0645;17867;379723;0;0
112493;0,539998044;0,826958122;0;0,078458215;0,094583663;0;0;0,047115671;0,173799439;0,228789596;0,449704707;54384;7995;0;0;0;0;1;0;0;0;0;0;0;0;0;0;1;0;0;0;0;1751,7;0,0637;17949;381631;0;0
102835;0,505586619;0,845723732;0;0,078659989;0,075616279;0;0;0,112046897;0,249897604;0,208631989;0,57057649;50846;7909;0;0;0;0;0;1;0;0;0;0;0;0;0;0;1;0;0;0;0;1755,1;0,0635;17711;383394;0;0
109471;0,490056727;0,82656594;0;0,076595628;0,096838432;0;0;0,39278279;0,229354615;0,121443442;0,743580847;53815;8024;0;0;0;0;0;0;1;0;0;0;0;0;0;0;1;0;0;0;0;1733,7;0,0629;17137;385295;1;0
210716;0,602322557;0,813958124;0;0,097102261;0,088939615;0;0;0,225953794;0,16384061;0,206750742;0,596545146;108952;9431;1;0;0;0;0;0;0;0;0;0;0;0;0;0;1;0;0;0;0;1735;0,0608;17509;387050;1;0
192164;0,569362628;0,828250869;0;0,072802398;0,098946733;0;0;0,049421836;0,514936724;0,133543279;0,697901839;98708;9210;0;1;0;0;0;0;0;0;0;0;0;0;0;0;0;1;0;0;0;1765,1;0,0603;18106;388475;1;0
182270;0,561008394;0,82722335;0;0,070269381;0,102507269;0;0;0,044809998;0,175378466;0,523169166;0,74335763;95098;9011;0;0;1;0;0;0;0;0;0;0;0;0;0;0;0;1;0;0;0;1767,9;0,0606;18677;389831;1;0
142003;0,531256382;0,828940234;0;0,060386048;0,110673718;0;0;0,03697333;0,160075817;0,214408577;0,411457725;72025;8569;0;0;0;1;0;0;0;0;0;0;0;0;0;0;0;1;0;0;0;1781,7;0,0606;18508;391902;1;0
112918;0,533555323;0,853256345;0;0,06192104;0,084822615;0;0;0,03516929;0,12786123;0,210504803;0,373535323;57318;7915;0;0;0;0;1;0;0;0;0;0;0;0;0;0;0;1;0;0;0;1771,4;0,0605;18575;393840;1;0
84430;0,514366931;0,825914959;0;0,066220538;0,107864503;0;0;0,065450048;0,195579298;0,248821326;0,509850671;43465;7037;0;0;0;0;0;1;0;0;0;0;0;0;0;0;0;1;0;0;0;1787,3;0,0596;18201;395754;1;0
77854;0,504546973;0,818686259;0;0,062694274;0,118619467;0;0;0,183140878;0,166743649;0,212009238;0,561893764;39393;6901;0;0;0;0;0;0;1;0;0;0;0;0;0;0;0;1;0;0;0;1788,9;0,06;17649;397590;0;0
97921;0,524769968;0,818292297;0;0,053522738;0,128184965;0;0;0,17966844;0,114726233;0,183907931;0,478302604;47658;7638;1;0;0;0;0;0;0;0;0;0;0;0;0;0;0;1;0;0;0;1767,1;0,0603;17689;399580;0;0
98086;0,537742389;0,81785372;0;0,053973044;0,128173236;0;0;0,031201925;0,335154432;0,152814485;0,519170841;47240;7579;0;1;0;0;0;0;0;0;0;0;0;0;0;0;0;1;0;0;0;1752,9;0,059;18004;401105;0;0
139738;0,53533756;0,833874823;0;0,054459059;0,111666118;0;0;0,044451355;0,106558857;0,396520937;0,547531149;68101;8766;0;0;1;0;0;0;0;0;0;0;0;0;0;0;0;1;0;0;0;1735,9;0,0588;18462;402432;0;0
115734;0,52764961;0,822783279;0;0,056733544;0,120483177;0;0;0,042546921;0,164082483;0,165419311;0,372048715;57545;8194;0;0;0;1;0;0;0;0;0;0;0;0;0;0;0;1;0;0;0;1720,9;0,0579;18010;404559;0;0
95077;0,527677567;0,837205633;0;0,058258044;0,104536323;1,05E-05;0,000180538;0,039133066;0,157742683;0,247736174;0,444611924;47567;7608;0;0;0;0;1;0;0;0;0;0;0;0;0;0;0;1;0;0;0;1745,7;0,0569;17743;406581;0;0
85085;0,507598284;0,842392901;0;0,067508962;0,090098137;0;0;0,079310008;0,247312353;0,25620602;0,582828382;42853;7344;0;0;0;0;0;1;0;0;0;0;0;0;0;0;0;1;0;0;0;1746,4;0,0568;17161;408508;0;0
93416;0,487293397;0,811081613;0;0,072760555;0,116157832;0;0;0,220754315;0,24099723;0,202002983;0,663754528;47435;7699;0;0;0;0;0;0;1;0;0;0;0;0;0;0;0;1;0;0;0;1735,1;0,0566;16447;410410;0;0
110990;0,517506082;0,803351653;0;0,067159204;0,129489143;0,000180196;0,002683123;0,199507334;0,153684961;0,223739355;0,576931651;55184;8198;1;0;0;0;0;0;0;0;0;0;0;0;0;0;0;1;0;0;0;1774,1;0,0558;16206;412415;0;0
101987;0,514898958;0,801670801;0;0,063900301;0,134428898;0,000421622;0,006598128;0,04003263;0,47856633;0,141868053;0,660467013;51095;7821;0;1;0;0;0;0;0;0;0;0;0;0;0;0;0;1;0;0;0;1748,9;0,0575;16343;413955;0;0
94287;0,512318771;0,801329982;0;0,063274895;0,135395123;0;0;0,038571056;0,137116037;0,508151239;0,683838331;46872;7532;0;0;1;0;0;0;0;0;0;0;0;0;0;0;0;1;0;0;0;1780,4;0,0558;16540;415239;0;0
72627;0,508034202;0,827157944;0;0,068927534;0,103914522;0;0;0,043151633;0,166366907;0,233909795;0,443428334;36841;6864;0;0;0;1;0;0;0;0;0;0;0;0;0;0;0;1;0;0;0;1753,7;0,0559;16049;417269;0;0
53168;0,487417244;0,848198164;0;0,072017003;0,079784833;0;0;0,224137931;0,232758621;0,054597701;0,511494253;27710;6056;0;0;0;0;1;0;0;0;0;0;0;0;0;0;0;1;0;0;0;1712,7;0,0553;15504;419109;0;1
64255;0,482265972;0,850175084;0;0,067916894;0,081908023;0;0;0,272727273;0,076446281;0,105371901;0,454545455;33014;6611;0;0;0;0;0;1;0;0;0;0;0;0;0;0;0;1;0;0;0;1643,9;0,0549;14962;420894;0;1
84703;0,488199946;0,82647604;0;0,064023706;0,109500254;0;0;0,202721088;0,083673469;0,192517007;0,478911565;43148;7429;0;0;0;0;0;0;1;0;0;0;0;0;0;0;0;1;0;0;0;1573,7;0,055;14707;422569;0;0
120920;0,522444592;0,82501654;0;0,064091962;0,110891499;0;0;0,216766126;0,082300182;0,192361993;0,4914283;59233;8355;1;0;0;0;0;0;0;0;0;0;0;0;0;0;0;1;0;0;0;1504,9;0,0577;15037;424324;0;0
117844;0,52439666;0,822171685;0;0,064644785;0,113183531;0,000704321;0,010895248;0,033810167;0,49952006;0,128008947;0,661339173;57500;8454;0;1;0;0;0;0;0;0;0;0;0;0;0;0;0;1;0;0;0;1514,4;0,0609;15440;425669;0;0
116609;0,529941943;0,814405406;0;0,06264525;0,122949344;4,29E-05;0,000684463;0,037899601;0,133114582;0,530769156;0,701783339;56335;8261;0;0;1;0;0;0;0;0;0;0;0;0;0;0;0;1;0;0;0;1496;0,0654;16005;426857;0;0
111793;0,525739537;0,813539309;0;0,062123747;0,124336944;0,001109193;0,017854572;0,041375274;0,154430686;0,232387757;0,428193717;54468;8171;0;0;0;1;0;0;0;0;0;0;0;0;0;0;0;1;0;0;0;1574,4;0,0655;15921;428621;0;0
97053;0,543805962;0,835625895;0;0,063903228;0,100470877;0;0;0,041618947;0,176256356;0,268496037;0,486371341;46660;7819;0;0;0;0;1;0;0;0;0;0;0;0;0;0;0;1;0;0;0;1611,7;0,0668;16078;430298;0;0
83248;0,514655007;0,853401884;0;0,064097636;0,082500481;0;0;0,130212544;0,305072369;0,201616899;0,636901813;40794;7316;0;0;0;0;0;1;0;0;0;0;0;0;0;0;0;1;0;0;0;1657,9;0,0671;15954;431779;0;0
88166;0,500816641;0,827960892;0;0,061270785;0,110768323;0;0;0,278657617;0,217571644;0,159502262;0,655731523;42897;7436;0;0;0;0;0;0;1;0;0;0;0;0;0;0;0;1;0;0;0;1740,1;0,0658;15574;433318;0;0
119640;0,536258776;0,819650619;0;0,062119692;0,118229689;0,005382815;0,086652314;0,226588639;0,189333467;0,235410584;0,65133269;57411;8430;1;0;0;0;0;0;0;0;0;0;0;0;0;0;0;1;0;0;0;1821,3;0,0624;16339;434613;0;0
106444;0,540227725;0,806442824;0;0,073240389;0,120316786;0,007825711;0,106849667;0,036552319;0,561105295;0,163761779;0,761419392;50035;7876;0;1;0;0;0;0;0;0;0;0;0;0;0;0;0;1;0;0;0;1865,9;0,0591;16707;435856;0;0
115487;0,533921567;0,804982379;0;0,076025873;0,118991748;0,009957831;0,130979499;0,041609006;0,159173439;0,561268976;0,762051421;55380;8225;0;0;1;0;0;0;0;0;0;0;0;0;0;0;0;1;0;0;0;1870;0,0553;16770;437276;1;0
109905;0,532814704;0,80678768;0;0,068522815;0,124689505;0,010208817;0,148984199;0,044911616;0,210882205;0,27669954;0,532493361;52865;8019;0;0;0;1;0;0;0;0;0;0;0;0;0;0;0;0;1;0;0;1815,3;0,0543;16343;439361;1;0
98136;0,535338714;0,824009538;0;0,071013695;0,104976767;0,009935192;0,139905295;0,051562623;0,22430397;0,333936865;0,609803459;47015;7775;0;0;0;0;1;0;0;0;0;0;0;0;0;0;0;0;1;0;0;1782,6;0,0527;16230;441109;1;0
85197;0,517882085;0,842377079;0;0,073558928;0,084063993;0;0;0,176251462;0,371313343;0,209008066;0,756572871;41711;7448;0;0;0;0;0;1;0;0;0;0;0;0;0;0;0;0;1;0;0;1751,9;0,0523;15749;442862;1;0
99387;0,501071569;0,822008915;0;0,072162355;0,10582873;0,011611177;0,160903514;0,346889952;0,227272727;0,162679426;0,736842105;48271;7698;0;0;0;0;0;0;1;0;0;0;0;0;0;0;0;0;1;0;0;1722,9;0,052;15183;444542;1;0
119447;0,527196162;0,804800455;0;0,074962117;0,120237428;0,016258257;0,216886308;0,26011221;0,217325675;0,264560513;0,741998397;58156;8442;1;0;0;0;0;0;0;0;0;0;0;0;0;0;0;0;1;0;0;1713,1;0,0515;15059;446376;1;0
113248;0,526384572;0,798027338;0;0,08133477;0,120637892;0,018684657;0,229725328;0,039367628;0,628077055;0,168456104;0,835900787;55344;8171;0;1;0;0;0;0;0;0;0;0;0;0;0;0;0;0;1;0;0;1634,1;0,0519;15364;447733;0;0
110956;0,532138866;0,79360287;0;0,07876095;0,12763618;0,017331194;0,22004806;0,041396848;0,171229139;0,600887443;0,81351343;52976;8092;0;0;1;0;0;0;0;0;0;0;0;0;0;0;0;0;1;0;0;1607,7;0,0514;15745;448892;0;0
97019;0,524155062;0,788185819;0;0,081478886;0,130335295;0,021913234;0,268943707;0,042732785;0,203075474;0,31652809;0,56233635;47261;7559;0;0;0;1;0;0;0;0;0;0;0;0;0;0;0;0;1;0;0;1595;0,0507;15300;450952;0;0
84449;0,526732111;0,815450745;0;0,077526081;0,107023174;0,019112127;0,246525126;0,046449954;0,215507427;0,342146502;0,604103883;41355;7251;0;0;0;0;1;0;0;0;0;0;0;0;0;0;0;0;1;0;0;1587;0,0508;15270;452563;0;0
76122;0,503363023;0,843277896;0;0,084653582;0,072068522;0;0;0,186983713;0,386441925;0,213805558;0,787231196;37680;7127;0;0;0;0;0;1;0;0;0;0;0;0;0;0;0;0;1;0;0;1596,7;0,0505;15138;454046;0;0
79150;0,49916614;0,83818067;0;0,084384081;0,07743525;0,022349968;0,264860009;0,274630542;0,176108374;0,118226601;0,568965517;39414;7173;0;0;0;0;0;0;1;0;0;0;0;0;0;0;0;0;1;0;0;1589,6;0,0502;14527;455704;0;0
92450;0,490524608;0,799177934;0;0,077706869;0,123115197;0,020670633;0,266007795;0,704710145;0,090217391;0,089855073;0,884782609;45985;7685;1;0;0;0;0;0;0;0;0;0;0;0;0;0;0;0;1;0;0;1566,4;0,0501;14209;457339;0;1
105728;0,517185608;0,791294643;0;0,087072488;0,121632869;0,024534655;0,281772757;0,339834002;0,201357149;0,242197796;0,783388947;51645;8115;0;1;0;0;0;0;0;0;0;0;0;0;0;0;0;0;1;0;0;1560,4;0,0494;14731;458611;0;0
106086;0,53649869;0,786182908;0;0,096845955;0,116971137;0,030305601;0,312925832;0,034153443;0,730557578;0,130771097;0,895482118;50381;8002;0;0;1;0;0;0;0;0;0;0;0;0;0;0;0;0;1;0;0;1495,7;0,0502;15231;459725;0;0
103766;0,528014957;0,775880346;0;0,102037276;0,122082378;0,030125475;0,295239894;0,037939096;0,161364466;0,666982333;0,866285895;50062;7912;0;0;0;1;0;0;0;0;0;0;0;0;0;0;0;0;1;0;0;1487;0,0523;15069;461435;0;0
84343;0,52824775;0,805081631;0;0,089503575;0,105414794;0,026700497;0,298317658;0,042409767;0,213976552;0,297523066;0,553909385;41165;7450;0;0;0;0;1;0;0;0;0;0;0;0;0;0;0;0;1;0;0;1485,1;0,0531;14902;463097;0;0
78418;0,51313474;0,8334311;0;0,091598868;0,074970032;0,028526614;0,311429765;0,179165985;0,374456255;0,198299264;0,751921505;38279;7317;0;0;0;0;0;1;0;0;0;0;0;0;0;0;0;0;1;0;0;1482,7;0,053;14555;464637;0;0
89508;0,505061;0,81353622;0;0,083869598;0,102594182;0,029349332;0,349940056;0,284832452;0,15696649;0,211640212;0,653439153;43521;7632;0;0;0;0;0;0;1;0;0;0;0;0;0;0;0;0;1;0;0;1486,7;0,0533;14039;466252;0;0
112090;0,534954055;0,799375502;0;0,089294317;0,111330181;0,026898028;0,301228894;0,261428592;0,21205531;0,272860858;0,746344761;52861;8331;1;0;0;0;0;0;0;0;0;0;0;0;0;0;0;0;1;0;0;1444,9;0,0536;14205;467833;0;0
102485;0,530633751;0,777216178;0;0,101780748;0,121003074;0,030619115;0,300834052;0,036865382;0,684468274;0,16035583;0,881689487;48837;8000;0;1;0;0;0;0;0;0;0;0;0;0;0;0;0;0;1;0;0;1453,9;0,0519;14386;469184;0;0
104333;0,534097553;0,779523257;0;0,099527475;0,120949268;0,031140675;0,312885208;0,04383501;0,201972051;0,594773832;0,840580893;49255;8090;0;0;1;0;0;0;0;0;0;0;0;0;0;0;0;0;1;0;0;1507,1;0,0517;14745;470231;0;0
100143;0,525897966;0,778616578;0;0,096581888;0,124801534;0,030805948;0,318961952;0,053701356;0,255539632;0,334155551;0,643396538;47634;7873;0;0;0;1;0;0;0;0;0;0;0;0;0;0;0;0;1;0;0;1519,1;0,0495;14730;471548;0;0
84565;0,534890321;0,802589724;0;0,085141607;0,112268669;0,02463194;0,289305556;0,057371418;0,275025571;0,372624155;0,705021144;40315;7494;0;0;0;0;1;0;0;0;0;0;0;0;0;0;0;0;1;0;0;1493,4;0,0486;14302;473342;0;0
73116;0,516043;0,828601127;0;0,089063953;0,08233492;0,028338531;0,318181818;0,226515782;0,431874953;0,188479298;0,846870033;35587;6975;0;0;0;0;0;1;0;0;0;0;0;0;0;0;0;0;1;0;0;1462,1;0,0477;13805;474956;0;0
70732;0,498388283;0,807908726;0;0,088347566;0,103743709;0,028756433;0,325492079;0,390123457;0,145679012;0,120987654;0,656790124;34934;6895;0;0;0;0;0;0;1;0;0;0;0;0;0;0;0;0;1;0;0;1456,4;0,0466;13302;476504;0;1
105832;0,524255424;0,787521733;0;0,093790158;0,11868811;0,026419231;0,281684465;0,278421727;0,252004852;0,295926275;0,826352854;51672;8245;1;0;0;0;0;0;0;0;0;0;0;0;0;0;0;0;1;0;0;1431,1;0,0459;13423;477999;0;0
105142;0,52038196;0,779593312;0;0,098229062;0,122177626;0,028371155;0,288826491;0,041295322;0,686775533;0,170274011;0,898344866;50732;8063;0;1;0;0;0;0;0;0;0;0;0;0;0;0;0;0;1;0;0;1410;0,0464;13803;479192;0;0
96744;0,516838254;0,767334408;0;0,100512693;0,132152898;0,031154387;0,309954751;0,047336632;0,231455877;0,589433852;0,868226362;46431;7786;0;0;1;0;0;0;0;0;0;0;0;0;0;0;0;0;1;0;0;1413,4;0,0442;14229;480291;0;0
94706;0,519597491;0,749815218;1,06E-05;0,108377505;0,141796718;0,033313623;0,30735509;0,060183911;0,260907972;0,371848527;0,69294041;45085;7752;0;0;0;1;0;0;0;0;0;0;0;0;0;0;0;0;1;0;0;1378,6;0,044;13742;482038;0;0
74944;0,517786614;0,781049851;0;0,09743275;0,1215174;0,029435312;0,302109011;0,062815156;0,296371;0,372776897;0,731963054;36288;7092;0;0;0;0;1;0;0;0;0;0;0;0;0;0;0;0;1;0;0;1386,4;0,0432;13548;483570;1;0
62635;0,486708709;0,812740481;0;0,107767223;0,079492297;0,036066097;0,334666667;0,187747036;0,260474308;0,200790514;0,649011858;31702;6585;0;0;0;0;0;1;0;0;0;0;0;0;0;0;0;0;1;0;0;1396;0,0431;13205;484976;1;1
79473;0,482214085;0,79073396;0;0,102198231;0,107067809;0,034993017;0,342403349;0,452380952;0,146031746;0,115873016;0,714285714;39925;7300;0;0;0;0;0;0;1;0;0;0;0;0;0;0;0;0;0;1;0;1368,7;0,043;12994;486278;1;1
177524;0,57770217;0,77287578;5,63E-06;0,126106893;0,101011694;0,036113427;0,286358764;0,272352191;0,20430354;0,321963239;0,798618971;89815;9200;1;0;0;0;0;0;0;0;0;0;0;0;0;0;0;0;0;1;0;1381,1;0,0425;13396;487644;1;0
152423;0,565373992;0,77197667;0;0,120401777;0,107621553;0,034213997;0,284165214;0,046297899;0,70037982;0,150588857;0,897266575;76102;8770;0;1;0;0;0;0;0;0;0;0;0;0;0;0;0;0;0;1;0;1358,6;0,042;13767;488761;1;0
159656;0,564657764;0,775085183;6,26E-06;0,122319236;0,102589317;0,032845618;0,268509985;0,049363209;0,24756801;0,603952103;0,900883322;79269;8916;0;0;1;0;0;0;0;0;0;0;0;0;0;0;0;0;0;1;0;1361,6;0,0421;14101;489806;1;0
117693;0,527074677;0,77149873;8,50E-06;0,107355578;0,121137196;0,031701121;0,29526749;0,047440993;0,271740517;0,354119437;0,673300947;57452;8257;0;0;0;1;0;0;0;0;0;0;0;0;0;0;0;0;0;1;0;1400,4;0,042;13827;491422;1;0
89313;0,534099179;0,798304838;0;0,092618096;0,109077066;0,027050933;0,292069633;0,047131448;0,232627038;0,390907145;0,67066563;43075;7394;0;0;0;0;1;0;0;0;0;0;0;0;0;0;0;0;0;1;0;1383,6;0,0425;13630;492995;0;0
81527;0,51131527;0,816870485;0;0,106381935;0,076747581;0,031964871;0,300472732;0,157211935;0,362542753;0,287439557;0,807194245;40394;7193;0;0;0;0;0;1;0;0;0;0;0;0;0;0;0;0;0;1;0;1379,1;0,042;13268;494520;0;0
88754;0,492958064;0,793620569;1,13E-05;0,099353269;0,107014895;0,034409717;0,346297766;0,219853198;0,308283817;0,278573925;0,80671094;43318;7442;0;0;0;0;0;0;1;0;0;0;0;0;0;0;0;0;0;1;0;1379,7;0,0418;13082;495780;0;0
121829;0,518111451;0,790993934;0;0,092383587;0,116622479;0,027513975;0,29782319;0,283151282;0,202176128;0,245995812;0,731323222;58215;8629;1;0;0;0;0;0;0;0;0;0;0;0;0;0;0;0;0;1;0;1390,3;0,0417;13421;497118;0;0
116036;0,521053811;0,775793719;0;0,104191803;0,120014478;0,028542866;0,273945409;0,044099766;0,651245094;0,155728224;0,851073084;55175;8353;0;1;0;0;0;0;0;0;0;0;0;0;0;0;0;0;0;1;0;1398,6;0,0421;13896;498181;0;0
109923;0,519081539;0,768137696;0;0,110368167;0,121494137;0,032859365;0,297725025;0,04626216;0,198796251;0,599187136;0,844245547;52552;8302;0;0;1;0;0;0;0;0;0;0;0;0;0;0;0;0;0;1;0;1411,6;0,0412;14233;499272;0;0
101977;0,522156957;0,75431715;0;0,117497083;0,128185767;0,040734676;0,346686697;0,050083902;0,239849099;0,339796431;0,629729432;48500;7967;0;0;0;1;0;0;0;0;0;0;0;0;0;0;0;0;0;1;0;1381,7;0,0413;13793;501040;0;0
84976;0,523488985;0,786410281;0;0,103958765;0,109630955;0,031926662;0,307108897;0,051443858;0,257068386;0,353892585;0,662404829;40034;7548;0;0;0;0;1;0;0;0;0;0;0;0;0;0;0;0;0;1;0;1392,6;0,0409;13655;502528;0;0
73067;0,507178343;0,810694294;1,37E-05;0,109858076;0,079433944;0,033544555;0,305306428;0,226195514;0,391381013;0,198264918;0,815841445;35472;7140;0;0;0;0;0;1;0;0;0;0;0;0;0;0;0;0;0;1;0;1395,6;0,041;13413;503907;0;0
88149;0,489943164;0,782924367;0,0001021;0,107397702;0,109575832;0,03481605;0,323870832;0,204608295;0,299539171;0,182488479;0,686635945;42467;7655;0;0;0;0;0;0;1;0;0;0;0;0;0;0;0;0;0;1;0;1397,4;0,0412;13114;505249;0;0
116944;0,512330688;0,767555411;0,001376727;0,113387604;0,117680257;0,040831509;0,355785709;0,293047961;0,235572567;0,269176691;0,797797219;56179;8645;1;0;0;0;0;0;0;0;0;0;0;0;0;0;0;0;0;1;0;1386;0,0413;13337;506625;0;0
109712;0,512058845;0,735844757;0,027481041;0,11657795;0,120096252;0,046512688;0,322872509;0,039505465;0,703494084;0,155934008;0,898933557;52345;8334;0;1;0;0;0;0;0;0;0;0;0;0;0;0;0;0;0;1;0;1391,9;0,0411;13620;507788;0;0
108142;0,523136247;0,724427142;0,025244586;0,123800189;0,126528083;0,05336502;0,358046904;0,046856296;0,227087727;0,599441373;0,873385396;50536;8295;0;0;1;0;0;0;0;0;0;0;0;0;0;0;0;0;0;1;0;1366,7;0,0419;13977;508862;0;0
102370;0,524050015;0,711077464;0,02659959;0,132421608;0,129901338;0,057497314;0,361570121;0,055405639;0,270860197;0,359591636;0,685857471;47174;8059;0;0;0;1;0;0;0;0;0;0;0;0;0;0;0;0;0;1;0;1364;0,0413;13755;510539;0;0
86867;0,533033258;0,756616437;0,027789609;0,106772422;0,108821532;0,036757342;0,273162803;0,055632266;0,300283581;0,376805784;0,732721631;40659;7789;0;0;0;0;1;0;0;0;0;0;0;0;0;0;0;0;0;1;0;1350,6;0,0411;13718;512077;0;0
77282;0,509911752;0,780569861;0,029838772;0,112600606;0,076990761;0,040061075;0,28125;0,260322132;0,408960837;0,184204072;0,853487041;36570;7347;0;0;0;0;0;1;0;0;0;0;0;0;0;0;0;0;0;1;0;1336,3;0,0409;13402;513505;0;0
91313;0,48772902;0,756945889;0,027794509;0,105253359;0,110006242;0,039654814;0,298049222;0,272158498;0,173096976;0,118873827;0,564129301;43261;7898;0;0;0;0;0;0;1;0;0;0;0;0;0;0;0;0;0;1;0;1351,9;0,0406;13148;514833;0;0
123891;0,524315729;0,729552591;0,030672123;0,119290344;0,120484942;0,049680768;0,331288013;0,304644115;0,255741689;0,279969849;0,840355654;57553;8874;1;0;0;0;0;0;0;0;0;0;0;0;0;0;0;0;0;1;0;1352,1;0,0409;13524;516183;0;0
115534;0,515986636;0,656187789;0,107743175;0,116744854;0,119324182;0,060648813;0,270165022;0,040706125;0,735011506;0,154275506;0,929993137;54547;8619;0;1;0;0;0;0;0;0;0;0;0;0;0;0;0;0;0;1;0;1360,6;0,0409;13943;517320;0;0
112267;0,528329785;0,658332368;0,098434981;0,123562579;0,119670072;0,060258135;0,271436023;0,044541914;0,23921608;0,61449091;0,898248904;51790;8288;0;0;1;0;0;0;0;0;0;0;0;0;0;0;0;0;0;1;0;1376,1;0,0413;14367;518363;0;0
105069;0,519449124;0,650229849;0,09409055;0,125812561;0,12986704;0,065490297;0,297814326;0,057068139;0,284955729;0,370153058;0,712176926;49596;8135;0;0;0;1;0;0;0;0;0;0;0;0;0;0;0;0;0;1;0;1375,7;0,0416;14211;519962;0;0
101543;0,525875737;0,678490886;0,098519839;0,111233665;0,111755611;0,051810563;0,247006902;0,062452517;0,300936999;0,383353499;0,746743015;47909;8032;0;0;0;0;1;0;0;0;0;0;0;0;0;0;0;0;0;1;0;1399,7;0,0416;14224;521408;0;0
92524;0,508214085;0,698726817;0,110857723;0,109539147;0,080876313;0,054029225;0,245145155;0,29609316;0,41302015;0,179523866;0,888637177;44101;7707;0;0;0;0;0;1;0;0;0;0;0;0;0;0;0;0;0;1;0;1398,6;0,0422;13962;522839;0;0
108055;0,49015779;0,681171626;0,105316737;0,101420573;0,112091065;0,055360696;0,267782801;0,419124218;0,235031278;0,184986595;0,839142091;51011;8248;0;0;0;0;0;0;1;0;0;0;0;0;0;0;0;0;0;1;0;1380,4;0,0418;13559;524294;0;0
135886;0,514740297;0,642354621;0,123934769;0,111181432;0,122529179;0,066938463;0,284703747;0,329051929;0,268955908;0,264237625;0,862245461;63937;9075;1;0;0;0;0;0;0;0;0;0;0;0;0;0;0;0;0;1;0;1396,7;0,0415;13880;525795;1;0
139685;0,510892365;0,595804847;0,164720621;0,112982783;0,126491749;0,081211297;0,292438968;0,049791877;0,732916779;0,158247504;0,94095616;65598;9169;0;1;0;0;0;0;0;0;0;0;0;0;0;0;0;0;0;0;1;1401,1;0,0419;14559;526907;1;0
138112;0,51403933;0,586256082;0,174322289;0,112741833;0,126679796;0,077067887;0,268469241;0,049537939;0,242839959;0,605481728;0,897859625;64645;9222;0;0;1;0;0;0;0;0;0;0;0;0;0;0;0;0;0;0;1;1393;0,0417;15233;527981;1;0
128893;0,520959245;0,578301382;0,170063541;0,12027806;0,131357017;0,078669905;0,270956364;0,051063921;0,271461492;0,350275672;0,672801086;60693;8810;0;0;0;1;0;0;0;0;0;0;0;0;0;0;0;0;0;0;1;1415,7;0,0415;15214;529707;1;0
118394;0,524764769;0,586727368;0,18469686;0,107497002;0,121078771;0,069057554;0,236341562;0,065433446;0,276072075;0,383597281;0,725102802;54972;8559;0;0;0;0;1;0;0;0;0;0;0;0;0;0;0;0;0;0;1;1389,3;0,0418;15370;531263;1;0
101160;0,498062475;0,613394622;0,177767892;0,116063662;0,092773824;0,070769079;0,240849146;0,260598248;0,406117247;0,200480473;0,867195969;48494;8113;0;0;0;0;0;1;0;0;0;0;0;0;0;0;0;0;0;0;1;1420,9;0,0411;15309;532730;1;0
118271;0,48410853;0,587210728;0,177160927;0,112707257;0,122921088;0,07250298;0,250123968;0,400723655;0,188150158;0,187697874;0,776571687;56205;8554;0;0;0;0;0;0;1;0;0;0;0;0;0;0;0;0;0;0;1;1484,7;0,0419;15102;534173;0;0
153739;0,510664178;0,591736645;0,17938194;0,116294499;0,112586917;0,079537398;0,269001474;0,305130583;0,245678522;0,271143784;0,821952889;71844;9557;1;0;0;0;0;0;0;0;0;0;0;0;0;0;0;0;0;0;1;1523,3;0,0434;15728;535632;0;0
145035;0,490150653;0,593842866;0,172544558;0,116771814;0,116840763;0,038190782;0,132003527;0,72578798;0,156052383;0,071204501;0,953044864;69002;9425;0;1;0;0;0;0;0;0;0;0;0;0;0;0;0;0;0;0;1;1553,6;0,0437;16176;536801;0;1
164129;0,509026437;0,588104479;0,164973893;0,120240786;0,126680843;0,078621085;0,275655815;0,163455025;0,614012078;0,149251258;0,92671836;77134;10027;0;0;1;0;0;0;0;0;0;0;0;0;0;0;0;0;0;0;1;1575,7;0,0448;17102;537853;0;0
153749;0,511717149;0,529375801;0,226290903;0,116052787;0,128280509;0,095831518;0,279927805;0,043881812;0,463656743;0,432940224;0,940478779;73692;9712;0;0;0;1;0;0;0;0;0;0;0;0;0;0;0;0;0;0;1;1547,4;0,0462;17197;539675;0;0
143334;0,508846471;0,539892838;0,238191915;0,102934405;0,118980842;0,086036809;0,252213928;0,04885463;0,208896196;0,47673589;0,734486716;68939;9641;0;0;0;0;1;0;0;0;0;0;0;0;0;0;0;0;0;0;1;1586,6;0,048;17345;541466;0;0
142337;0,491903019;0,545374709;0,243513633;0,106212721;0,104898937;0,098870989;0,282709576;0,210548317;0,349561067;0,316345015;0,8764544;67499;9567;0;0;0;0;0;1;0;0;0;0;0;0;0;0;0;0;0;0;1;1647,9;0,049;17290;543214;0;0
150943;0,471542238;0,53533453;0,233922739;0,098646509;0,132096222;0,103515897;0,311261181;0,415867769;0,151735537;0,247272727;0,814876033;72225;9837;0;0;0;0;0;0;1;0;0;0;0;0;0;0;0;0;0;0;1;1669,4;0,0496;17132;544921;0;0
170504;0,501360672;0,526990569;0,236152818;0,108941726;0,127914888;0,086719373;0,251291638;0,306818741;0,2175679;0,237211783;0,761598425;82319;10489;1;0;0;0;0;0;0;0;0;0;0;0;0;0;0;0;0;0;1;1685;0,0489;17843;546633;0;0
179879;0,498985429;0,527070976;0,231616809;0,110429789;0,130882427;0,091806159;0,26840249;0,048131203;0,69282319;0,159874888;0,900829281;87636;10842;0;1;0;0;0;0;0;0;0;0;0;0;0;0;0;0;0;0;1;1707,1;0,0491;18686;548039;0;0
201889;0,521187385;0,520949631;0,228278906;0,119005988;0,131765475;0,09272422;0,266997561;0,053888176;0,208288574;0,592540677;0,854717426;96551;11148;0;0;1;0;0;0;0;0;0;0;0;0;0;0;0;0;0;0;1;1755,1;0,0488;19547;549275;0;0
196105;0,526167104;0,493154178;0,218872543;0,132684021;0,155289258;0,091155249;0,259290418;0,066339569;0,262386163;0,306629015;0,635354748;94107;10984;0;0;0;1;0;0;0;0;0;0;0;0;0;0;0;0;0;0;1;1879,9;0,0486;19478;551360;0;0
166522;0,528470713;0,488451976;0,215911411;0,131526165;0,164110448;0,087700124;0,252419801;0,067502047;0,280908476;0,344074615;0,692485138;81154;10392;0;0;0;0;1;0;0;0;0;0;0;0;0;0;0;0;0;0;1;1938,4;0,0479;19936;552977;0;0
157118;0,510724424;0,480746955;0,21374381;0,145813974;0,159695261;0,111253962;0,309418866;0,242476343;0,379425183;0,226718291;0,848619817;75980;10034;0;0;0;0;0;1;0;0;0;0;0;0;0;0;0;0;0;0;1;1945,9;0,0483;19772;554955;0;0
167151;0,498758608;0,45881269;0,206543784;0,133161034;0,201482492;0,102482187;0,30168011;0,572708477;0,15201339;0,135276164;0,859998031;80918;9978;0;0;0;0;0;0;1;0;0;0;0;0;0;0;0;0;0;0;1;1950,4;0,0482;19632;556872;0;0
157529;0,51693339;0,439938043;0,198592005;0,117019723;0,244450228;0,076677945;0,242950239;0,390842865;0,219744009;0,216727941;0,827314815;76907;9571;1;0;0;0;0;0;0;0;0;0;0;0;0;0;0;0;0;0;1;1979,1;0,0484;20429;558811;0;0
147692;0,51134794;0,393819571;0,181038919;0,155262303;0,269879208;0,114244509;0,339708873;0,072550112;0,669553735;0,145431903;0,887535749;73079;8944;0;1;0;0;0;0;0;0;0;0;0;0;0;0;0;0;0;0;1;2025,4;0,0493;21204;560504;0;0
98781;0,519128172;0,467316589;0,209098916;0,103025886;0,220558609;0,079377613;0,2543137;0,074289364;0,240887214;0,527122231;0,842298809;49201;8014;0;0;1;0;0;0;0;0;0;0;0;0;0;0;0;0;0;0;1;2082,1;0,0494;22059;562053;0;0
54983;0,53050943;0,535929287;0,251077606;0,119309605;0,093683502;0,089918702;0,242769457;0,169862288;0,302437424;0,40877018;0,881069891;28830;6464;0;0;0;1;0;0;0;0;0;0;0;0;0;0;0;0;0;0;1;2098,7;0,05;21767;564476;0;0
79581;0,484500069;0,512898808;0,241426974;0,121071613;0,124602606;0,100714995;0,277835552;0,096837945;0,134387352;0,533596838;0,764822134;42490;7257;0;0;0;0;1;0;0;0;0;0;0;0;0;0;0;0;0;0;1;2148,3;0,0503;21529;566725;0;1
102722;0,48838613;0,527871342;0,226154086;0,113208466;0,132766107;0,088608088;0,261101549;0,311868411;0,250667133;0,32000525;0,882540794;50752;8255;0;0;0;0;0;1;0;0;0;0;0;0;0;0;0;0;0;0;1;2079,7;0,0511;21916;568822;0;0
114118;0,486268599;0,505371633;0,22419776;0,109702238;0,160728369;0,094621357;0,283382322;0,555138272;0,084670536;0,242403551;0,882212359;55531;8531;0;0;0;0;0;0;1;0;0;0;0;0;0;0;0;0;0;0;1;2076,9;0,0539;22386;570838;0;0
135058;0,517629463;0,496919842;0,222089769;0,116120482;0,164869908;0,083186483;0,245960856;0,536442378;0,150252019;0,123268901;0,809963298;64183;9054;1;0;0;0;0;0;0;0;0;0;0;0;0;0;0;0;0;0;1;2113,9;0,0595;24097;572913;0;0
122800;0,511294788;0,482565147;0,210618893;0,133395766;0,173420195;0,093729642;0,272458279;0,043657296;0,825135717;0,068827209;0,937620221;57977;8486;0;1;0;0;0;0;0;0;0;0;0;0;0;0;0;0;0;0;1;2147,4;0,0639;25446;574727;0;0
106739;0,525796569;0,521102877;0,215666251;0,119066133;0,144164738;0,084233504;0,251644323;0,053601122;0,199911969;0,66754426;0,921057351;49769;8225;0;0;1;0;0;0;0;0;0;0;0;0;0;0;0;0;0;0;1;2237;0,0667;26801;576504;1;0
64616;0,522037885;0,534898477;0,242819116;0,133945153;0,088337254;0,089033676;0,236311358;0,210147202;0,336591198;0,409654039;0,956392438;31379;6798;0;0;0;1;0;0;0;0;0;0;0;0;0;0;0;0;0;0;1;2389,6;0,0691;26697;579240;1;0
69963;0,484970627;0,525406286;0,237282564;0,12801052;0,10930063;0,099466861;0,272293305;0,170040486;0,093117409;0,251012146;0,514170041;34860;6943;0;0;0;0;1;0;0;1;0;0;0;0;0;0;0;0;0;0;0;2500,1;0,0717;27001;581708;1;1
107623;0,480733672;0,523791383;0,231976436;0,125428579;0,118803602;0,101363092;0,283608475;0,414889815;0,237701013;0,295116141;0,947706968;51377;8366;0;0;0;0;0;1;0;1;0;0;0;0;0;0;0;0;0;0;0;2582,7;0,0745;27706;584112;1;0
113223;0,479407894;0,515610786;0,221545092;0,117352481;0,14549164;0,093134787;0,274816919;0,525369979;0,093023256;0,311310782;0,929704017;53812;8472;0;0;0;0;0;0;1;1;0;0;0;0;0;0;0;0;0;0;0;2658;0,0765;28616;586243;1;0
158767;0,513242676;0,531111629;0,219308798;0,112517085;0,137062488;0,090667456;0,273238046;0,55017169;0,190416284;0,121080256;0,861668231;73687;9655;1;0;0;0;0;0;0;1;0;0;0;0;0;0;0;0;0;0;0;2729,3;0,0785;31522;588254;1;0
150876;0,519353641;0,523668443;0,221572682;0,115836846;0,138922029;0,094852727;0,281120475;0,041807274;0,831624412;0,075041101;0,948472787;69822;9400;0;1;0;0;0;0;0;1;0;0;0;0;0;0;0;0;0;0;0;2788,9;0,0797;33226;590738;1;0
147946;0,511450124;0,523386911;0,20946832;0,1268233;0,140321469;0,088775634;0,263984081;0,046385807;0,205537766;0,684253259;0,936176832;68888;9443;0;0;1;0;0;0;0;1;0;0;0;0;0;0;0;0;0;0;0;2883,6;0,0795;34958;593224;0;0
134593;0,512485791;0,521089507;0,208792434;0,124902484;0,145215576;0,088243817;0,264444593;0,054654024;0,259189635;0,320644311;0,63448797;62344;9057;0;0;0;1;0;0;0;1;0;0;0;0;0;0;0;0;0;0;0;2971,1;0,0804;35216;597010;0;0
113135;0,518363018;0,539850621;0,214982101;0,110602378;0,1345649;0,078057188;0,239744808;0,061562839;0,280536827;0,364251228;0,706350894;52477;8508;0;0;0;0;1;0;0;1;0;0;0;0;0;0;0;0;0;0;0;3117,3;0,0814;36207;600173;0;0
105696;0,499176885;0,535110127;0,233291705;0,120297835;0,111300333;0,087770587;0,24822733;0,236441967;0,401897843;0,198034578;0,836374388;50067;8315;0;0;0;0;0;1;0;1;0;0;0;0;0;0;0;0;0;0;0;3387,6;0,0818;36477;603305;0;0
121246;0,485731488;0,514788117;0,226968312;0,117537898;0,140705673;0,090188542;0,261790759;0,52840562;0,105070251;0,149053146;0,782529017;57072;8781;0;0;0;0;0;0;1;1;0;0;0;0;0;0;0;0;0;0;0;3604,7;0,0808;36789;605937;0;0
147171;0,51604596;0,508938582;0,234815283;0,11729213;0,138954006;0,096370888;0,273697414;0,347684916;0,214659456;0,264109343;0,826453715;67881;9282;1;0;0;0;0;0;0;1;0;0;0;0;0;0;0;0;0;0;0;3716,3;0,0769;38703;608709;0;0
140702;0,512942247;0,4980313;0,240287985;0,120723231;0,140957485;0,09495956;0,263037701;0,047337088;0,723615591;0,155955648;0,926908327;65751;9251;0;1;0;0;0;0;0;1;0;0;0;0;0;0;0;0;0;0;0;3861,4;0,0741;39793;611818;0;0
135974;0,507398473;0,488144792;0,231257446;0,132084075;0,148513686;0,096165443;0,264669568;0,053918535;0,244342187;0,594117489;0,89237821;64054;9140;0;0;1;0;0;0;0;1;0;0;0;0;0;0;0;0;0;0;0;3931,7;0,0752;40843;614859;0;0
130732;0,468760518;0,485313466;0,244033595;0,124277147;0,146375792;0,093978521;0,255160955;0,06362162;0,291046121;0,355282545;0,709950286;62084;9119;0;0;0;1;0;0;0;1;0;0;0;0;0;0;0;0;0;0;0;3970,3;0,0752;39944;619776;0;0
115786;0,463613908;0,498048123;0,259608243;0,114167516;0,128176118;0,081253347;0,217385277;0,066930193;0,302302735;0,380039061;0,749271989;54727;8709;0;0;0;0;1;0;0;1;0;0;0;0;0;0;0;0;0;0;0;3963,4;0,075;40035;623964;0;0
104211;0,453378242;0,511855754;0,262697796;0,116907044;0,108539406;0,091900087;0,242094087;0,260759329;0,435606553;0,181835912;0,878201794;50124;8484;0;0;0;0;0;1;0;1;0;0;0;0;0;0;0;0;0;0;0;3986,1;0,0737;39377;628182;0;0
118106;0,431739285;0,49784939;0,26004606;0,109562596;0,132541954;0,091849694;0,248505257;0,575215374;0,165672631;0,160371107;0,901259112;56706;8740;0;0;0;0;0;0;1;1;0;0;0;0;0;0;0;0;0;0;0;3978,7;0,0728;38477;632226;0;0
145467;0,46341782;0,495651935;0,256064949;0,113963992;0,134319124;0,090171654;0,243688112;0,344889629;0,243806718;0,279881251;0,868577597;69401;9497;1;0;0;0;0;0;0;1;0;0;0;0;0;0;0;0;0;0;0;4001,9;0,073;39273;636380;0;0
135720;0,461877395;0,480754495;0,261133215;0,123710581;0,134401709;0,09692013;0,251842775;0,043296784;0,741784528;0,162479331;0,947560643;65924;9422;0;1;0;0;0;0;0;1;0;0;0;0;0;0;0;0;0;0;0;4028,9;0,0737;40201;639782;0;0
140272;0,461054238;0,478948044;0,261848409;0,116716094;0,142487453;0,091115832;0,240687733;0,057787691;0,245004753;0,595401455;0,898193899;66601;9353;0;0;1;0;0;0;0;1;0;0;0;0;0;0;0;0;0;0;0;4055,4;0,0743;41577;642726;0;0
131360;0,45476553;0,471010962;0,256425091;0,128067905;0,144496041;0,094511267;0,245807512;0,059919466;0,287507262;0,355800629;0,703227357;62315;8934;0;0;0;1;0;0;0;1;0;0;0;0;0;0;0;0;0;0;0;4124,7;0,0742;40900;647412;0;0
118659;0,462299531;0,491627268;0,261008436;0,113998938;0,133365358;0,080111917;0,213627579;0,067189519;0,308429272;0,398438304;0,774057095;54663;8518;0;0;0;0;1;0;0;1;0;0;0;0;0;0;0;0;0;0;0;4158,6;0,0747;40938;651611;0;0
103944;0,441054799;0,503521127;0,268019318;0,118611945;0,10984761;0,09861079;0,255051259;0,268855721;0,433764511;0,18185738;0,884477612;49346;8182;0;0;0;0;0;1;0;1;0;0;0;0;0;0;0;0;0;0;0;4181,1;0,0764;40112;655702;0;0
119584;0,431755084;0,487489965;0,263179021;0,106903934;0,142427081;0,096844059;0,261682032;0,495184136;0,140509915;0,20509915;0,840793201;56327;8618;0;0;0;0;0;0;1;1;0;0;0;0;0;0;0;0;0;0;0;4202,6;0,0772;39011;659720;0;0
150572;0,458584597;0,493737215;0,262000903;0,110146641;0,134115241;0,093755811;0,251931828;0,348244577;0,245681891;0,284779702;0,87870617;69873;9457;1;0;0;0;0;0;0;1;0;0;0;0;0;0;0;0;0;0;0;4191,4;0,0776;39339;663999;0;0
142344;0,462485247;0,486054909;0,25897825;0,116576744;0,138390097;0,097116844;0,258595533;0,045907172;0,747276861;0,161677216;0,954861249;66344;9222;0;1;0;0;0;0;0;1;0;0;0;0;0;0;0;0;0;0;0;4161,1;0,0771;39709;667559;0;0
137194;0,460967681;0,484073648;0,255506801;0,120719565;0,139699987;0,090929633;0,241688624;0,050011845;0,245338808;0,60760882;0,902959473;64539;9277;0;0;1;0;0;0;0;1;0;0;0;0;0;0;0;0;0;0;0;4146,4;0,077;40257;670703;0;0
130723;0,467729474;0,470131499;0,253283661;0,130053625;0,146531215;0,092340292;0,240885235;0,062791093;0,291274112;0,361976564;0,716041769;61178;8917;0;0;0;1;0;0;0;1;0;0;0;0;0;0;0;0;0;0;0;4096,4;0,0773;38925;675653;0;0
118403;0,45976031;0,494573617;0,273227874;0,108916159;0,123282349;0,074567367;0,195128959;0,067624673;0,310732591;0,389484026;0,76784129;56354;8761;0;0;0;0;1;0;0;1;0;0;0;0;0;0;0;0;0;0;0;4040,7;0,0766;38227;679983;0;0
113431;0,446394725;0,498302933;0,28254181;0,122850015;0,096305243;0,088732357;0,21888048;0,258169935;0,43501892;0,196319229;0,889508084;54518;8734;0;0;0;0;0;1;0;1;0;0;0;0;0;0;0;0;0;0;0;3999,4;0,0749;36619;684303;1;0
127818;0,432622948;0,484603108;0,267998248;0,123464614;0,123934031;0,091066986;0,232632505;0,399881517;0,210900474;0,260663507;0,871445498;61599;9067;0;0;0;0;0;0;1;1;0;0;0;0;0;0;0;0;0;0;0;3958,1;0,075;35018;688312;1;0
155916;0,449062316;0,479161856;0,262936453;0,130333;0,127568691;0,091164473;0,231811733;0,334533106;0,250988206;0,287549143;0,873070455;74502;9902;1;0;0;0;0;0;0;0;1;0;0;0;0;0;0;0;0;0;0;3931,9;0,0737;35197;692549;1;0
153379;0,461992841;0,46814753;0,270878021;0,129463616;0,131510833;0,095189042;0,237769526;0,045425714;0,762824679;0,155618897;0,963869291;72655;9719;0;1;0;0;0;0;0;0;1;0;0;0;0;0;0;0;0;0;0;3824;0,0725;35617;695814;1;0
143707;0,456171237;0,464772071;0,267920143;0,130814783;0,136493003;0,094936224;0,238093576;0,045830827;0,225015037;0,622313147;0,893159011;69425;9631;0;0;1;0;0;0;0;0;1;0;0;0;0;0;0;0;0;0;0;3728,1;0,0718;36104;698731;1;0
133100;0,456844478;0,45582269;0,262336589;0,138354621;0,143486101;0,092922615;0,231905798;0,065565603;0,283389694;0,357234478;0,706189775;64075;9252;0;0;0;1;0;0;0;0;1;0;0;0;0;0;0;0;0;0;0;3611;0,0704;34912;703338;1;0
112055;0,459881308;0,475587881;0,267306234;0,131631788;0,125474098;0,080139217;0,200881373;0,057659045;0,265559544;0,361541307;0,684759896;54622;8901;0;0;0;0;1;0;0;0;1;0;0;0;0;0;0;0;0;0;0;3597,1;0,0694;34570;707268;1;0
102051;0,455791712;0,48476742;0,277341721;0,145819247;0,092071611;0,090425376;0,213690256;0,230885178;0,409989656;0,220245308;0,861120142;49247;8567;0;0;0;0;0;1;0;0;1;0;0;0;0;0;0;0;0;0;0;3539,3;0,0697;33866;710960;0;0
119539;0,435523135;0,465036515;0,277131313;0,135738127;0,122094045;0,091710655;0,222129919;0,419873356;0,220165611;0,252313687;0,892352655;57523;8903;0;0;0;0;0;0;1;0;1;0;0;0;0;0;0;0;0;0;0;3494,3;0,0696;32762;714578;0;0
147597;0,456506569;0,465802151;0,265784535;0,137997385;0,13041593;0,093734968;0,232142558;0,308325059;0,238641233;0,289197805;0,836164097;71441;9899;1;0;0;0;0;0;0;0;1;0;0;0;0;0;0;0;0;0;0;3450,1;0,0702;33235;718210;0;0
135800;0,459653903;0,465206186;0,268063328;0,128799705;0,137930781;0,08583947;0,216294949;0,045385827;0,754145745;0,151463642;0,950995214;66593;9536;0;1;0;0;0;0;0;0;1;0;0;0;0;0;0;0;0;0;0;3419,1;0,0707;34224;720922;0;0
131075;0,460041961;0,459782567;0,264932291;0,13701316;0,138271982;0,088498951;0,220176521;0,049236398;0,24222572;0,611468924;0,902931042;63815;9234;0;0;1;0;0;0;0;0;1;0;0;0;0;0;0;0;0;0;0;3439,1;0,0711;35550;723330;0;0
116339;0,457980557;0,44400416;0,247603985;0,156740216;0,151651639;0,092557096;0,228906698;0,061818492;0,299778077;0,367838167;0,729434735;56374;8789;0;0;0;1;0;0;0;0;1;0;0;0;0;0;0;0;0;0;0;3493,9;0,0714;34474;727746;0;0
97521;0,470934465;0,475097671;0,254745132;0,130187344;0,139969853;0,079654639;0,206931458;0,068992145;0,305167775;0,384886401;0,759046321;46872;8146;0;0;0;0;1;0;0;0;1;0;0;0;0;0;0;0;0;0;0;3473,4;0,0725;34223;731431;0;0
84357;0,448249701;0,488163401;0,272366253;0,141150112;0,098320234;0,087023009;0,210446349;0,273137516;0,407107458;0,197429389;0,877674362;41963;8003;0;0;0;0;0;1;0;0;1;0;0;0;0;0;0;0;0;0;0;3475;0,0731;33643;734835;0;0
92439;0,433799587;0,475351313;0,256937007;0,142429061;0,125282619;0,085083136;0,21304548;0,504987531;0,198254364;0,199501247;0,902743142;45410;8060;0;0;0;0;0;0;1;0;1;0;0;0;0;0;0;0;0;0;0;3456,3;0,0731;32833;738250;0;0
127597;0,463459172;0,460010815;0,261738129;0,139580084;0,138670972;0,09298808;0,231706603;0,308615948;0,242751384;0,2971054;0,848472732;60930;9059;1;0;0;0;0;0;0;0;1;0;0;0;0;0;0;0;0;0;0;3416;0,0727;33306;741838;0;0
125180;0,470202908;0,432489216;0,29426426;0,131762262;0,141484263;0,10382649;0,243708982;0,049096825;0,748624618;0,154640951;0,952362394;59424;8998;0;1;0;0;0;0;0;0;1;0;0;0;0;0;0;0;0;0;0;3406,1;0,073;33726;744826;0;0
116666;0,46902268;0,430476746;0,290564518;0,13394648;0,145012257;0,102094869;0,240499939;0,056693127;0,261852358;0,585842887;0,904388371;55470;8821;0;0;1;0;0;0;0;0;1;0;0;0;0;0;0;0;0;0;0;3425,7;0,0744;34956;747340;0;0
110424;0,468358328;0,425568717;0,275936391;0,144542853;0,153952039;0,101544954;0,241498137;0,067864921;0,298195109;0,376461311;0,742521341;52781;8586;0;0;0;1;0;0;0;0;1;0;0;0;0;0;0;0;0;0;0;3376,9;0,0751;34297;751445;0;0
94379;0,47683277;0,448871041;0,287956007;0,12184914;0,141323811;0,09827398;0,239806603;0,074696926;0,31651632;0,382777528;0,773990775;45034;8309;0;0;0;0;1;0;0;0;1;0;0;0;0;0;0;0;0;0;0;3373;0,0754;34241;755146;0;0
82129;0,4554664;0,461213457;0,307041362;0,130416783;0,101328398;0,102911274;0,235248274;0,312234847;0,43658263;0,162724923;0,9115424;40093;7830;0;0;0;0;0;1;0;0;1;0;0;0;0;0;0;0;0;0;0;3344,9;0,0758;33685;758880;0;0
100223;0,445556409;0,442353552;0,298155114;0,122656476;0,136834858;0,09732297;0,231274452;0,546195652;0,16576087;0,175271739;0,887228261;48260;8290;0;0;0;0;0;0;1;0;1;0;0;0;0;0;0;0;0;0;0;3375,4;0,0762;33105;762220;0;0
128694;0,475702053;0,435257277;0,292437876;0,127760424;0,144544423;0,10458141;0,248885848;0,334319527;0,235425561;0,297256136;0,867001223;61154;9215;1;0;0;0;0;0;0;0;1;0;0;0;0;0;0;0;0;0;0;3348,1;0,0761;34279;765654;0;0
126802;0,471759121;0,439023044;0,282053911;0,132458479;0,146464567;0,1000694;0,241414737;0,050726603;0,755850882;0,153098452;0,959675938;59499;9076;0;1;0;0;0;0;0;0;1;0;0;0;0;0;0;0;0;0;0;3380,1;0,0761;35439;768478;0;0
127239;0,475176636;0,430048963;0,277312774;0,138951108;0,153687156;0,107639953;0,258585859;0,064924088;0,279522378;0,57800413;0,922450595;59298;8952;0;0;1;0;0;0;0;0;1;0;0;0;0;0;0;0;0;0;0;3425,1;0,0754;36886;771083;0;0
118600;0,475952783;0,425430017;0,266332209;0,143111299;0,165126476;0,112032041;0,273620264;0,075557216;0,329254915;0,384090553;0,788902685;55872;8739;0;0;0;1;0;0;0;0;1;0;0;0;0;0;0;0;0;0;0;3533,6;0,0763;36851;775144;0;0
104044;0,479277998;0,452145246;0,279439468;0,112779209;0,155636077;0,062175618;0,158522839;0,086934231;0,340519791;0,402581867;0,830035889;49510;8499;0;0;0;0;1;0;0;0;1;0;0;0;0;0;0;0;0;0;0;3623,6;0,0771;37564;778552;0;0
97112;0,459222341;0,46604951;0,294649477;0,127481671;0,111819343;0,10350935;0,245206616;0,321161938;0,46889281;0,145287544;0,935342292;47138;8518;0;0;0;0;0;1;0;0;1;0;0;0;0;0;0;0;0;0;0;3707,9;0,0779;37537;782296;0;0
113220;0,438093976;0,435877054;0,292077372;0,123873874;0,148171701;0,10400106;0,250031851;0,655413271;0,166472643;0,103608848;0,925494761;55579;8935;0;0;0;0;0;0;1;0;1;0;0;0;0;0;0;0;0;0;0;3784,3;0,0788;37470;785742;0;0
146147;0,470690469;0,446871985;0,285671276;0,117498135;0,149958603;0,100966835;0,250432776;0,399392191;0,246990516;0,25958423;0,905966937;70129;9924;1;0;0;0;0;0;0;0;0;1;0;0;0;0;0;0;0;0;0;3840,1;0,0797;39471;789387;1;0
144741;0,476913936;0,40539999;0,313870983;0,131144596;0,14958443;0,114597799;0,257514128;0,055853167;0,766623452;0,143538563;0,966015182;69148;9806;0;1;0;0;0;0;0;0;0;1;0;0;0;0;0;0;0;0;0;3911,4;0,0813;41160;792565;1;0
141147;0,472521556;0,405754285;0,310010131;0,129120704;0,15511488;0,114327616;0,260349779;0,064031643;0,269242609;0,587059339;0,920333591;68362;9706;0;0;1;0;0;0;0;0;0;1;0;0;0;0;0;0;0;0;0;3966,6;0,0843;43206;795325;1;0
130115;0,47278177;0,398416785;0,300564885;0,136609922;0,164408408;0,115597741;0,26441995;0,077085229;0,319424413;0,385648035;0,782157676;63276;9383;0;0;0;1;0;0;0;0;0;1;0;0;0;0;0;0;0;0;0;4072,1;0,0841;43438;799933;1;0
108324;0,469443521;0,420608545;0,316254939;0,104787489;0,158349027;0,100679443;0,239119472;0,079310776;0,313321892;0,386631508;0,779264176;52994;8899;0;0;0;0;1;0;0;0;0;1;0;0;0;0;0;0;0;0;0;4145,6;0,0847;44663;803917;1;0
107040;0,451504111;0,439218984;0,324766443;0,115610987;0,120403587;0,09078849;0,206160635;0,270251872;0,461938894;0,170664318;0,902855084;53254;9057;0;0;0;0;0;1;0;0;0;1;0;0;0;0;0;0;0;0;0;4298,7;0,0852;45083;807969;0;0
126905;0,442709113;0,418927544;0,31670147;0,11054726;0,153823726;0,094558922;0,221320546;0,513;0,183;0,185;0,881;62640;9584;0;0;0;0;0;0;1;0;0;1;0;0;0;0;0;0;0;0;0;4391,7;0,0856;45064;811995;0;0
144321;0,464215187;0,409635465;0,316184062;0,121784079;0,152396394;0,117952342;0,269317175;0,353465851;0,213802243;0,27077472;0,838042814;71319;10017;1;0;0;0;0;0;0;0;0;1;0;0;0;0;0;0;0;0;0;4503,3;0,0862;47054;816116;0;0
139242;0,472048664;0,411844128;0,309138047;0,123655219;0,155362606;0,12708091;0,29362959;0,053323042;0,759321687;0,143980089;0,956624817;68513;9890;0;1;0;0;0;0;0;0;0;1;0;0;0;0;0;0;0;0;0;4632,6;0,0879;48945;819833;0;0
135413;0,462769453;0,403868166;0,315464542;0,126479732;0,15418756;0,118969375;0,269195422;0,055531368;0,234012141;0,609284253;0,898827762;66993;9656;0;0;1;0;0;0;0;0;0;1;0;0;0;0;0;0;0;0;0;4775,3;0,088;51402;823212;0;0
129025;0,472621585;0,399449719;0,308637861;0,130439837;0,161472583;0,117473358;0,267545718;0,071366042;0,281677524;0,368057818;0,721101384;63709;9438;0;0;0;1;0;0;0;0;0;1;0;0;0;0;0;0;0;0;0;4869,3;0,089;51095;828858;0;0
110663;0,474196434;0,430360645;0,316067701;0,100530439;0,153041215;0,102482311;0,245998004;0,075093472;0,300275782;0,388700553;0,764069807;53712;9084;0;0;0;0;1;0;0;0;0;1;0;0;0;0;0;0;0;0;0;4996,6;0,0894;52202;833725;0;0
113434;0,447141069;0,437655377;0,320609341;0,119752455;0,121982827;0,114366063;0,259709321;0,34627257;0,410672756;0,153875428;0,910820754;56108;9261;0;0;0;0;0;1;0;0;0;1;0;0;0;0;0;0;0;0;0;5061,4;0,0894;52575;838531;0;0
133371;0,438213705;0,422175735;0,313613904;0,117986669;0,146223692;0,117709247;0,272727273;0,798395186;0,104814443;0,052156469;0,955366098;66170;9771;0;0;0;0;0;0;1;0;0;1;0;0;0;0;0;0;0;0;0;5116,3;0,0894;52405;843371;0;0
148694;0,469723055;0,406660659;0,332030882;0,114248053;0,147060406;0,1073009;0,240434606;0,359158553;0,217091258;0,289088433;0,865338244;72464;10212;1;0;0;0;0;0;0;0;0;1;0;0;0;0;0;0;0;0;0;5268,1;0,0891;54494;848580;0;0
148805;0,465837842;0,380484527;0,347118712;0,119330668;0,153066093;0,12662881;0,271473851;0,049479779;0,766523526;0,14890223;0,964905534;72311;10065;0;1;0;0;0;0;0;0;0;1;0;0;0;0;0;0;0;0;0;5330,6;0,089;56595;853052;0;0
140906;0,471583893;0,368259691;0,342341703;0,121222659;0,168175947;0,125849857;0,271483029;0,055405394;0,253102485;0,608170643;0,916678522;69203;9826;0;0;1;0;0;0;0;0;0;1;0;0;0;0;0;0;0;0;0;5428,1;0,0894;58995;857059;0;0
134784;0,477675392;0,362261099;0,330194979;0,121950677;0,185593246;0,12037037;0,266220341;0,078014257;0,291274332;0,393758042;0,763046631;65557;9642;0;0;0;1;0;0;0;0;0;1;0;0;0;0;0;0;0;0;0;5516,9;0,0894;59096;863170;0;0
112339;0,484462208;0,391992095;0,333962382;0,094677717;0,179367806;0,106347751;0,248104999;0,078385317;0,305278693;0,402205432;0,785869441;55995;9217;0;0;0;0;1;0;0;0;0;1;0;0;0;0;0;0;0;0;0;5682;0,0893;60196;868778;0;0
113002;0,45095662;0,399807083;0,344878852;0,106883064;0,148431001;0,119413816;0,264329089;0,383717286;0,399702241;0,144021313;0,92744084;56907;9329;0;0;0;0;0;1;0;0;0;1;0;0;0;0;0;0;0;0;0;5839,4;0,0903;60193;874614;0;0
129396;0,442239327;0,398412625;0,330798479;0,107113048;0,163675848;0,120444218;0,275042355;0,920150305;0,041803664;0,022545796;0,984499765;64724;9710;0;0;0;0;0;0;1;0;0;1;0;0;0;0;0;0;0;0;0;5987,7;0,091;60116;879953;0;0
161975;0,475517827;0,37331687;0,342460256;0,111671554;0,17255132;0,12161136;0,267788684;0,370150814;0,213556513;0,287523549;0,871230877;80438;10375;1;0;0;0;0;0;0;0;0;1;0;0;0;0;0;0;0;0;0;6038,7;0,0919;62159;885927;0;0
152905;0,474085216;0,371688303;0,348072333;0,110467284;0,169772081;0,129224028;0,281816496;0,052623357;0,742676673;0,141440554;0,936740585;76036;10171;0;1;0;0;0;0;0;0;0;1;0;0;0;0;0;0;0;0;0;6100,3;0,0905;64193;891106;0;0
151299;0,470703706;0,385567651;0,32353155;0,113160034;0,177740765;0,12142182;0,278049371;0,061978237;0,246890405;0,588022526;0,896891168;75651;10077;0;0;1;0;0;0;0;0;0;1;0;0;0;0;0;0;0;0;0;6210,9;0,0908;66576;895776;0;0
148311;0,470207874;0,373444991;0,304151412;0,105352941;0,217050657;0,109897445;0,268366977;0,081792951;0,292826772;0,363883008;0,738502731;74136;9973;0;0;0;1;0;0;0;0;0;1;0;0;0;0;0;0;0;0;0;6356,9;0,0921;66144;903074;0;0
122190;0,465013504;0,390367461;0,310246338;0,093600131;0,205786071;0,105589656;0,261459895;0,092341239;0,310175646;0,36792357;0,770440455;62183;9332;0;0;0;0;1;0;0;0;0;1;0;0;0;0;0;0;0;0;0;6428,9;0,0932;67003;909647;0;0
125319;0,44475299;0,409347346;0,325050471;0,106911163;0,158691021;0,115585027;0,267581697;0,397162574;0,395581942;0,125293959;0,918038475;64197;9735;0;0;0;0;0;1;0;0;0;1;0;0;0;0;0;0;0;0;0;6498,9;0,0936;66491;916054;0;0
156367;0,443738129;0,389110234;0,325746481;0,102496051;0,182647234;0,119603241;0,279288562;0,882181818;0,038545455;0,043272727;0,964;77017;10304;0;0;0;0;0;0;1;0;0;1;0;0;0;0;0;0;0;0;0;6654,9;0,0941;65339;922266;0;0
171282;0,449866302;0,383636342;0,302074941;0,104541049;0,209747668;0,113800633;0,279872498;0,387075654;0,187342456;0,271990703;0,846408813;85537;10764;1;0;0;0;0;0;0;0;0;1;0;0;0;0;0;0;0;0;0;6718,6;0,0962;66940;928974;0;0
169707;0,453110361;0,377426977;0,307365047;0,101357045;0,213850931;0,112558704;0,27539178;0,060427206;0,729032591;0,14132567;0,930785468;84836;10589;0;1;0;0;0;0;0;0;0;1;0;0;0;0;0;0;0;0;0;6893,9;0,0998;68132;934807;1;0
164991;0,459006855;0,371026298;0,302149814;0,095871896;0,230951991;0,111369711;0,279808132;0,074861227;0,261032473;0,570767416;0,906661116;82920;10434;0;0;1;0;0;0;0;0;0;1;0;0;0;0;0;0;0;0;0;7009,1;0,1031;69625;940069;1;0
143195;0,46391983;0,392339118;0,325199902;0,075973323;0,206487657;0,111994134;0,279166522;0,101179728;0,304956155;0,354015692;0,760151575;71809;10007;0;0;0;1;0;0;0;0;0;0;1;0;0;0;0;0;0;0;0;7078,6;0,1052;69390;948086;1;0
137772;0,449198676;0,419998258;0,337819005;0,102190576;0,139992161;0,118623523;0,269593045;0,317535717;0,450540286;0,130139967;0,898215969;68503;9911;0;0;0;0;1;0;0;0;0;0;1;0;0;0;0;0;0;0;0;7141,4;0,1068;68051;955299;1;1
144621;0,447984733;0,417021041;0,33477849;0,101638075;0,146562394;0,11879326;0,272201537;0,465863001;0,243916179;0,176430825;0,886210005;71388;10225;0;0;0;0;0;1;0;0;0;0;1;0;0;0;0;0;0;0;0;7138,3;0,1093;67010;962352;1;0
166549;0,443935418;0,398843584;0,327951534;0,102024029;0,171180854;0,117869216;0,274130034;0,936053448;0,031853973;0,020639466;0,988546886;81353;10518;0;0;0;0;0;0;1;0;0;0;1;0;0;0;0;0;0;0;0;6932,6;0,1109;65736;969218;1;0
156157;0,457763661;0,384856266;0,336437047;0,107404727;0,171301959;0,12150592;0,273759541;0,431977389;0,180823584;0,244227398;0,857028371;79627;9932;1;0;0;0;0;0;0;0;0;0;1;0;0;0;0;0;0;0;0;6899,7;0,1151;66692;976650;1;0
145569;0,476337682;0,387060432;0,332646374;0,111218735;0,16907446;0,128901071;0,290405956;0,038103855;0,777822989;0,129741566;0,94566841;72463;9641;0;1;0;0;0;0;0;0;0;0;1;0;0;0;0;0;0;0;0;6768,4;0,1188;68188;982545;0;0
137832;0,478256138;0,391469325;0,312626966;0,115147426;0,180756283;0,121307099;0,28357728;0,046563905;0,160029972;0,668681602;0,87527548;68901;9532;0;0;1;0;0;0;0;0;0;0;1;0;0;0;0;0;0;0;0;6820,6;0,1211;69992;987605;0;0
132764;0,478036215;0,3895785;0,314068573;0,105721431;0,190631497;0,108636377;0,258787433;0,065163759;0,242419909;0,284843392;0,59242706;66534;9400;0;0;0;1;0;0;0;0;0;0;1;0;0;0;0;0;0;0;0;6971,9;0,1213;68301;995914;0;0
120072;0,48012859;0,397753015;0,33710607;0,091703311;0,173437604;0,106194617;0,247649938;0,086839334;0,275568793;0,32975844;0,692166567;60182;9243;0;0;0;0;1;0;0;0;0;0;1;0;0;0;0;0;0;0;0;6985,6;0,1221;68278;1002939;0;0
111059;0,457981794;0,423756742;0,341629224;0,100117955;0,134496079;0,104223881;0,235935589;0,38642251;0,343322912;0,123447968;0,85319339;56435;9255;0;0;0;0;0;1;0;0;0;0;1;0;0;0;0;0;0;0;0;7077,1;0,1215;67594;1009694;0;0
135255;0,444264537;0,416376474;0,342700824;0,095648959;0,145273742;0,104262319;0,237851878;0,910886541;0,039963252;0,021129995;0,971979789;67875;10115;0;0;0;0;0;0;1;0;0;0;1;0;0;0;0;0;0;0;0;7157,9;0,1219;64889;1017476;0;0
164837;0,469803503;0,38834121;0,348162124;0,109398982;0,154097684;0,108246328;0,236572398;0,349415602;0,209484183;0,265498568;0,824398352;81353;10681;1;0;0;0;0;0;0;0;0;0;1;0;0;0;0;0;0;0;0;7237;0,1165;66823;1023350;0;0
147344;0,469343848;0,37669671;0,359166305;0,10544033;0,158696655;0,117140841;0,252129074;0,056235204;0,730724011;0,159419139;0,946378354;75855;10290;0;1;0;0;0;0;0;0;0;0;1;0;0;0;0;0;0;0;0;7288,9;0,1123;67597;1029362;0;0
159941;0,463252074;0,369311184;0,347609431;0,115686409;0,167392976;0,12403949;0,267732794;0,073648493;0,25235469;0,563103686;0,889106869;78974;10583;0;0;1;0;0;0;0;0;0;0;1;0;0;0;0;0;0;0;0;7169,1;0,1099;68681;1034954;0;0
164178;0,472761271;0,372236231;0,346227875;0,117470063;0,164065831;0,138514296;0,298716652;0,098351201;0,320305786;0,353474013;0,772130999;80479;10747;0;0;0;1;0;0;0;0;0;0;1;0;0;0;0;0;0;0;0;6943,3;0,1078;66788;1043342;0;0
150889;0,466521748;0,378834773;0,35303435;0,081185507;0,18694537;0,119995493;0,276347319;0,06541902;0,243912335;0,580199953;0,889531308;74359;10475;0;0;0;0;1;0;0;0;0;0;1;0;0;0;0;0;0;0;0;6882,1;0,105;65984;1050733;0;0
137379;0,450876772;0,400301356;0,354370027;0,090334039;0,154994577;0,124516848;0,279999345;0,244176259;0,341255106;0,357705162;0,943136527;68531;10320;0;0;0;0;0;1;0;0;0;0;1;0;0;0;0;0;0;0;0;6789,1;0,1041;64823;1057597;0;0
166084;0,445581754;0,381228776;0,359835987;0,088437176;0,170498061;0,12144457;0,270916442;0,7357459;0,087997917;0,154907576;0,978651393;81335;10891;0;0;0;0;0;0;1;0;0;0;1;0;0;0;0;0;0;0;0;6827,9;0,102;63006;1064215;0;0
194029;0,461951564;0,371124935;0,355070634;0,089100083;0,184704348;0,125373011;0,282263118;0,315086291;0,176951616;0,207368758;0,699406664;95906;11392;1;0;0;0;0;0;0;0;0;0;1;0;0;0;0;0;0;0;0;6735,4;0,1024;63172;1071217;0;0
185574;0,46563635;0,365622339;0,356973498;0,090589199;0,186814963;0,128590212;0,287312175;0,05525914;0,670805844;0,154120491;0,880185474;91577;11075;0;1;0;0;0;0;0;0;0;0;1;0;0;0;0;0;0;0;0;6652,1;0,1017;63629;1077288;0;0
177977;0,472577917;0,371913225;0,345909865;0,090140861;0,19203605;0,131674318;0,301970183;0,060279274;0,211575198;0,577324098;0,84917857;87177;10980;0;0;1;0;0;0;0;0;0;0;1;0;0;0;0;0;0;0;0;6577,1;0,0995;64562;1082365;0;0
166297;0,472275507;0,368755901;0,325826684;0,09857063;0,206846786;0,124794795;0,294051802;0,06794667;0,238472648;0,337779855;0,644199173;81745;10785;0;0;0;1;0;0;0;0;0;0;1;0;0;0;0;0;0;0;0;6567,9;0,0993;62537;1090173;0;0
147213;0,470495133;0,383464776;0,343862295;0,084021112;0,188651817;0,125369363;0,292998889;0,08016278;0,270282928;0,361418836;0,711864544;73389;10588;0;0;0;0;1;0;0;0;0;0;1;0;0;0;0;0;0;0;0;6439,3;0,1005;61883;1096959;0;0
137133;0,45917467;0,400173554;0,349923067;0,085231126;0,164672253;0,118213705;0,271659349;0,290535033;0,375403476;0,158830817;0,824769326;68682;10373;0;0;0;0;0;1;0;0;0;0;1;0;0;0;0;0;0;0;0;6345,6;0,1001;60339;1103635;0;0
159947;0,448292247;0,388266113;0,34744009;0,08839178;0,175902018;0,116876215;0,268168125;0,719547371;0,087641447;0,072110051;0,879298868;78734;11085;0;0;0;0;0;0;1;0;0;0;1;0;0;0;0;0;0;0;0;6264,9;0,1002;58170;1110130;0;0
190868;0,470592242;0,373535637;0,346385984;0,093907832;0,186170547;0,122162961;0,277457817;0,375700294;0,216999519;0,227682321;0,820382134;93439;11604;1;0;0;0;0;0;0;0;0;0;1;0;0;0;0;0;0;0;0;6132;0,0996;58236;1116717;0;0
191268;0,474355355;0,370657925;0,339037372;0,103948387;0,186356317;0,154657339;0,349124857;0,063249366;0,709440016;0,150746797;0,92343618;93821;11637;0;1;0;0;0;0;0;0;0;0;1;0;0;0;0;0;0;0;0;6060,9;0,0988;58180;1122420;0;0
200543;0,473309963;0,366410196;0,334716245;0,108575218;0,19029834;0,143246087;0,323141993;0,075695072;0,233213092;0,581099606;0,89000777;98988;11885;0;0;1;0;0;0;0;0;0;0;1;0;0;0;0;0;0;0;0;6069;0,099;58810;1127221;0;0
195465;0,475752692;0,370900161;0,324697516;0,099025401;0,205376922;0,144501573;0,341028458;0,089132751;0,288102848;0,352695504;0,729931103;95719;11708;0;0;0;1;0;0;0;0;0;0;1;0;0;0;0;0;0;0;0;6022,4;0,0997;56553;1134389;0;0
173757;0,486023585;0,394107863;0,337937464;0,087282815;0,180671858;0,142808635;0,335846248;0,095515543;0,292222682;0,381716348;0,769454573;86585;11505;0;0;0;0;1;0;0;0;0;0;1;0;0;0;0;0;0;0;0;5975,7;0,0985;55418;1140917;1;0
191485;0,481980312;0,415416351;0,361835131;0,087119096;0,135629423;0,131623887;0,293178857;0,65573072;0,205368556;0,072006817;0,933106093;94953;11741;0;0;0;0;0;1;0;0;0;0;0;1;0;0;0;0;0;0;0;5902;0,098;53974;1146927;1;1
221128;0,467403495;0,391777613;0,353971455;0,090327774;0,163923158;0,126641583;0,285036693;0,516563639;0,137501981;0,124187668;0,778253289;108639;12467;0;0;0;0;0;0;1;0;0;0;0;1;0;0;0;0;0;0;0;5730;0,0971;52213;1152710;1;0
247983;0,48637205;0,390833243;0,347729482;0,084158995;0,177278281;0,138424811;0,320510546;0,35009843;0,169536483;0,26482845;0,784463364;124314;12845;1;0;0;0;0;0;0;0;0;0;0;1;0;0;0;0;0;0;0;5595,3;0,0961;52400;1158842;1;0
241293;0,489620503;0,385183159;0,348422872;0,08201647;0,1843775;0,147650367;0,343022472;0,062701269;0,583064974;0,163198772;0,808965015;122263;12764;0;1;0;0;0;0;0;0;0;0;0;1;0;0;0;0;0;0;0;5506;0,0958;52764;1163974;1;0
229350;0,48705472;0,37145847;0,330669283;0,090172226;0,207700022;0,147373011;0,35018649;0,063573634;0,164979458;0,608767549;0,837320641;115900;12474;0;0;1;0;0;0;0;0;0;0;0;1;0;0;0;0;0;0;0;5407,9;0,0931;53896;1168300;1;0
221325;0,490676607;0,365308935;0,319046651;0,095000565;0,22064385;0,143372868;0,346271784;0,079717197;0,197999946;0,266136187;0,543853329;111117;12408;0;0;0;1;0;0;0;0;0;0;0;1;0;0;0;0;0;0;0;5318,6;0,0917;52537;1174953;0;0
195555;0,499143464;0,386975531;0,332336171;0,075446805;0,205241492;0,136104932;0,333768058;0,090112492;0,214644767;0,260123378;0,564880637;97251;12065;0;0;0;0;1;0;0;0;0;0;0;1;0;0;0;0;0;0;0;5282,9;0,0914;52510;1180600;0;0
195445;0,492721738;0,410596331;0,353219576;0,082156105;0,154027987;0,128568139;0,295303906;0,226501039;0,257561042;0,195509023;0,679571104;95811;12199;0;0;0;0;0;1;0;0;0;0;0;1;0;0;0;0;0;0;0;5197;0,0907;51854;1186031;0;0
202385;0,485994515;0,399224251;0,348607851;0,087121081;0,165046817;0,115023347;0,263979135;0,572699602;0,102435027;0,105127605;0,780262234;100357;12294;0;0;0;0;0;0;1;0;0;0;0;1;0;0;0;0;0;0;0;5266;0,09;51234;1190942;0;0
252807;0,494305933;0,387240069;0,348570253;0,078708264;0,185481415;0,139877456;0,327368333;0,329616427;0,161559579;0,22630399;0,717479996;121777;13257;1;0;0;0;0;0;0;0;0;0;0;1;0;0;0;0;0;0;0;5347,9;0,0898;52825;1196335;0;0
246373;0,494993364;0,388374538;0,342557829;0,086576045;0,182491588;0,148904304;0,346987997;0,068887555;0,594350312;0,153256925;0,816494792;119674;13200;0;1;0;0;0;0;0;0;0;0;0;1;0;0;0;0;0;0;0;5366,3;0,089;54262;1200901;0;0
241084;0,495955767;0,384388844;0,339665843;0,089976938;0,185968376;0,156501468;0,36425951;0,068398583;0,168564104;0,570507968;0,807470655;117033;13050;0;0;1;0;0;0;0;0;0;0;0;1;0;0;0;0;0;0;0;5363,3;0,0897;56275;1204923;0;0
215065;0,500927627;0,374765769;0,325761979;0,09492014;0,204552112;0,161430265;0,383734554;0,069304265;0,190318835;0,255162585;0,514785684;104638;12382;0;0;0;1;0;0;0;0;0;0;0;1;0;0;0;0;0;0;0;5410,3;0,0895;55648;1211242;0;0
172146;0,500859735;0,386410373;0,349784485;0,077637587;0,186167555;0,166562104;0,389689993;0,077830901;0,197678759;0,267861057;0,543370717;85590;11689;0;0;0;0;1;0;0;0;0;0;0;1;0;0;0;0;0;0;0;5488,9;0,0901;56479;1216738;0;0
168222;0,488859959;0,405065925;0,367026905;0,091587307;0,136319863;0,154349609;0,336556534;0,075845444;0,243683337;0,281890337;0,601419117;82127;11539;0;0;0;0;0;1;0;0;0;0;0;1;0;0;0;0;0;0;0;5603;0,0906;56457;1222196;0;1
183694;0,486450292;0,37836293;0,35876512;0,086105153;0,176766797;0,153352859;0,344713656;0,333426184;0,138997215;0,164066852;0,636490251;88265;11664;0;0;0;0;0;0;1;0;0;0;0;1;0;0;0;0;0;0;0;5632,9;0,0915;56200;1227490;0;0
209650;0,495874076;0,367083234;0,350665395;0,089973766;0,192277606;0,168056284;0,381392076;0,285342927;0,139234912;0,246594643;0,671172483;101599;12144;1;0;0;0;0;0;0;0;0;0;0;1;0;0;0;0;0;0;0;5635,1;0,092;58365;1233110;0;0
212103;0,500775567;0,35715195;0,343488777;0,095260322;0,204098952;0,176796179;0,402955083;0,073833368;0,565093439;0,160163564;0,799090371;102744;12014;0;1;0;0;0;0;0;0;0;0;0;1;0;0;0;0;0;0;0;5757,7;0,0945;60416;1237885;0;0
199533;0,495973097;0,360942801;0,324537796;0,099823087;0,214696316;0,159367122;0,375546213;0,105895062;0,238284503;0,485054135;0,8292337;96986;11862;0;0;1;0;0;0;0;0;0;0;0;1;0;0;0;0;0;0;0;5971,9;0,0956;62535;1242176;0;0
